"Var1";"Freq"
" ack";1
" air";2
" alp";14
" alv";1
" ars";1
" asp";3
" bac";1
" bad";7
" ban";1
" bas";51
" bau";1
" bay";1
" bec";1
" bey";2
" boc";1
" boë";1
" bon";2
" bös";2
" brâ";1
" brè";1
" bru";1
" bry";3
" buz";1
" bya";1
" can";1
" cha";2
" châ";2
" chi";1
" clé";2
" cot";1
" côt";1
" cou";2
" cua";2
" cuâ";2
" cui";1
" day";1
" dey";1
" dia";1
" dix";1
" eau";2
" egg";14
" era";2
" erb";2
" far";1
" fer";4
" feu";1
" fey";3
" fin";16
" fol";1
" fou";1
" gay";1
" gem";1
" gey";1
" gez";3
" gra";2
" gru";1
" hag";1
" hof";5
" höh";3
" höi";1
" hus";19
" hüs";2
" ile";1
" jeu";1
" jon";2
" jor";1
" lac";3
" lai";1
" lan";1
" lee";1
" lej";1
" lés";1
" lia";1
" loë";1
" loh";1
" loo";1
" loy";1
" loz";2
" lué";1
" lus";1
" luy";1
" lys";1
" mas";1
" mâs";1
" mex";2
" mis";1
" mur";4
" nax";1
" naz";2
" net";1
" neu";2
" nev";1
" nou";2
" nov";1
" noz";1
" ort";1
" ost";1
" ota";2
" pas";5
" peu";1
" pey";1
" pin";2
" pól";1
" poy";1
" pra";7
" prâ";1
" pré";20
" pro";2
" qua";2
" raz";1
" rei";1
" rez";4
" rin";2
" rio";1
" roc";3
" rod";1
" rom";1
" rot";1
" roy";1
" rue";1
" rus";1
" ruz";1
" scé";2
" sec";3
" see";5
" sés";2
" sex";7
" sia";3
" soi";1
" sol";2
" söl";1
" sot";15
" sur";4
" sut";23
" tal";4
" tea";1
" tey";3
" tru";1
" tsa";3
" tuf";1
" val";3
" van";2
" vau";2
" vez";1
" vie";1
" vif";1
" vio";1
" vua";1
" weg";1
" wil";2
" wis";2
" zil";2
" zoc";1
" zug";1
" züg";1
" zun";1
" zyt";1
"-ban";2
"-bas";2
"-bex";4
"-bon";1
"-cha";1
"-est";1
"-fee";1
"-gut";1
"-jux";1
"-lac";2
"-luc";1
"-ran";2
"-rin";1
"-wil";1
"-wis";1
"'alp";4
"'eau";2
"'ely";1
"'err";1
"'ile";1
"'mez";1
"'mos";1
"'oex";2
"'oie";1
"'ora";1
"'ota";1
"'ovi";1
"'uva";1
"'val";1
"a ca";1
"a lé";8
"a mâ";1
"a su";1
"a tu";1
"a vy";1
"aa";2
"aabe";1
"aach";11
"ääch";1
"aaft";2
"aage";2
"äägg";1
"äägi";2
"aale";1
"aali";3
"ääli";1
"aalp";1
"aare";2
"aase";1
"aass";2
"abad";1
"abas";1
"abau";1
"abbé";1
"abel";16
"äbel";4
"aben";109
"äben";5
"aber";1
"äber";1
"abey";1
"äbi";10
"abie";2
"abio";1
"abiò";1
"abis";1
"able";2
"ablé";1
"âble";6
"äbli";9
"ablo";2
"äbni";1
"abor";1
"abou";5
"abrê";1
"abry";1
"abys";1
"acca";1
"acce";1
"acch";1
"acci";1
"acco";2
"acèd";1
"aces";11
"acha";1
"ache";20
"âche";4
"äche";7
"achi";2
"ächi";14
"achs";7
"acht";31
"ächt";3
"achy";1
"acki";5
"äcki";2
"acla";5
"acon";6
"acot";3
"acui";1
"adas";1
"adaz";1
"adda";1
"adde";1
"addi";1
"addy";1
"adea";1
"adee";3
"adei";1
"adéi";1
"adel";23
"ädel";7
"aden";56
"äden";1
"ader";3
"adér";1
"äder";3
"adex";1
"adig";1
"ädil";1
"adin";2
"adir";1
"adis";11
"adla";1
"ädli";8
"adlu";2
"adme";2
"adol";1
"adon";2
"adra";2
"âdra";1
"adri";1
"adro";3
"adry";1
"adsy";1
"aduc";1
"adug";1
"adun";1
"adur";2
"adür";2
"aduz";2
"aebi";4
"aedo";3
"afan";2
"afel";139
"äfel";3
"afen";6
"afer";1
"äfer";2
"afet";1
"affa";2
"affe";2
"afia";1
"afil";3
"äfis";1
"afji";1
"afli";1
"äfni";1
"afor";1
"afré";1
"afte";2
"agau";1
"agaz";1
"agee";1
"agel";5
"ägel";3
"agen";26
"ägen";5
"ager";4
"äger";51
"ages";4
"aget";1
"äget";6
"ägey";1
"agge";1
"aggi";1
"äggu";1
"agie";1
"agig";1
"agis";1
"ägis";3
"ägji";1
"agli";2
"ägli";4
"agna";7
"agne";21
"agnè";1
"agni";2
"ägni";2
"agno";19
"agns";2
"agnu";1
"agny";8
"agol";1
"agon";1
"agra";3
"agro";3
"agua";1
"agul";1
"agun";1
"ahau";1
"ahen";1
"ähen";2
"ahez";1
"ahli";2
"ähli";2
"ähni";1
"ahof";4
"ahon";2
"ahrn";1
"ahry";1
"ahus";6
"ahüs";4
"ahyn";2
"aide";1
"aido";1
"aièd";1
"aiéi";1
"aien";7
"äien";1
"aier";1
"aies";5
"aila";1
"aims";1
"aina";3
"aine";22
"aino";2
"ains";20
"aint";17
"aira";4
"aire";37
"airè";1
"aïre";2
"aisa";1
"àisc";1
"aise";4
"aita";3
"aité";1
"aîté";1
"aiti";1
"aits";1
"aiun";1
"aiza";1
"ajal";1
"ajen";1
"äjen";1
"ajös";1
"ajoz";1
"akab";1
"akau";1
"aken";1
"akob";3
"alär";1
"alas";4
"alau";3
"alay";2
"âlay";1
"alaz";4
"alba";2
"albe";2
"älbe";1
"alch";3
"alda";1
"alde";131
"aldi";9
"äldi";2
"aldo";4
"äldu";1
"alee";2
"alée";1
"alei";1
"aléi";1
"alem";1
"alen";25
"älen";7
"ales";4
"âles";5
"alet";36
"alex";3
"aley";11
"alez";3
"alga";1
"alge";1
"alia";1
"alic";1
"älig";3
"alin";8
"alis";1
"alix";1
"alji";1
"alke";2
"alki";3
"alla";11
"älla";3
"alle";27
"älle";1
"alli";5
"älli";7
"allo";7
"älls";1
"ally";2
"alma";1
"alme";4
"almé";3
"almi";1
"älmi";2
"alms";2
"aloi";1
"alon";2
"alön";2
"alop";2
"alot";1
"aloz";1
"alp";17
"alpa";3
"alpe";2
"alps";1
"alta";17
"alte";32
"älte";1
"alti";5
"älti";3
"alto";5
"alud";4
"aluf";1
"alum";3
"alüm";1
"alun";4
"alur";2
"alva";4
"alys";1
"alza";1
"alzo";1
"amad";1
"aman";2
"amau";2
"amay";1
"amaz";3
"amby";2
"ämel";2
"amen";1
"ämen";6
"ames";1
"ämet";6
"amin";3
"amis";6
"ämis";7
"ämme";1
"ammi";1
"amon";4
"amou";1
"ampa";5
"ampe";1
"ampé";1
"ampf";9
"ampi";5
"ampì";1
"ampo";4
"amps";16
"amsa";1
"amse";1
"ämse";5
"amsi";1
"amun";1
"amut";1
"anac";1
"anal";9
"anas";1
"anau";2
"anaz";1
"anca";10
"ance";7
"anch";2
"anco";1
"ancy";5
"anda";7
"ande";11
"andi";12
"ändi";66
"ands";1
"andt";4
"andy";1
"anèd";1
"anee";1
"anée";1
"anei";1
"anéi";1
"anel";4
"änel";2
"anen";2
"aneo";1
"anes";3
"anès";1
"ànes";1
"ânes";6
"anet";8
"aneu";2
"anex";3
"aney";10
"anft";1
"anga";1
"ange";8
"angg";7
"ängg";3
"angi";2
"ängi";23
"angs";2
"ania";7
"anía";1
"änia";1
"anie";2
"anig";4
"anin";1
"anis";3
"änis";1
"anix";2
"änja";1
"änke";1
"änli";1
"anme";1
"anna";13
"anne";72
"anné";1
"anni";2
"anno";2
"anoi";1
"anon";2
"anón";1
"anoz";3
"anry";1
"anse";2
"anso";1
"ansù";1
"anta";2
"ante";4
"änti";1
"anto";1
"antò";1
"ants";6
"anty";1
"anuz";1
"anza";3
"änze";1
"änzi";3
"anzo";1
"aoug";2
"août";2
"apai";1
"apec";1
"apei";1
"apel";2
"âpes";3
"apey";3
"apfe";1
"apin";2
"apon";1
"appé";1
"äppi";1
"aprè";1
"äpur";3
"aqua";1
"aque";1
"aran";3
"aras";2
"arat";1
"arau";2
"ärau";1
"arbe";3
"arbi";1
"ärbi";4
"arca";2
"arcè";1
"arch";10
"ärch";4
"arck";1
"arcs";4
"arda";11
"ârda";1
"arde";17
"ardé";1
"ardi";4
"ardo";4
"ards";26
"ardt";1
"aréa";1
"arei";1
"aréi";1
"aren";12
"ären";7
"ares";5
"arès";1
"aret";21
"arey";3
"arga";2
"argi";2
"ärgi";1
"args";2
"ärgs";1
"aria";4
"arìa";1
"aric";1
"arie";1
"arig";3
"ärig";1
"arin";8
"ario";4
"aris";6
"äris";2
"ariz";1
"arla";3
"arli";1
"ärli";1
"arlo";4
"arls";1
"ärlu";1
"arly";4
"arma";4
"arme";2
"ärmi";1
"arna";1
"ärne";1
"arni";23
"arno";3
"arny";1
"aröl";1
"aron";6
"arpa";1
"arpe";1
"arpi";1
"arra";3
"ärra";1
"arre";3
"arré";2
"arro";4
"arry";3
"arsa";1
"arse";1
"ärst";2
"arte";12
"ärte";1
"artg";1
"arth";6
"arti";8
"ärti";1
"arts";2
"artu";3
"arun";1
"arus";2
"arva";3
"arve";1
"arze";3
"arzé";1
"ärze";2
"ärzi";3
"arzo";1
"asal";1
"asar";2
"äsau";1
"asay";1
"asca";23
"asce";1
"ascé";1
"asch";12
"äsch";16
"asco";15
"asel";12
"äsel";1
"asen";27
"ases";5
"asga";1
"asio";3
"asis";1
"asle";4
"asli";35
"äsli";1
"asna";1
"asné";1
"ason";2
"asön";1
"asot";2
"asou";1
"asp";6
"aspi";11
"assa";4
"asse";62
"assé";1
"assi";7
"asso";10
"assu";1
"assy";4
"ast";1
"ästa";1
"aste";1
"asti";6
"asto";3
"asul";2
"asum";1
"atal";5
"atan";3
"atèd";1
"atel";6
"âtel";10
"aten";5
"ates";2
"atet";2
"atey";4
"atez";1
"atie";1
"âtie";2
"âtin";1
"ätli";4
"atói";1
"aton";4
"ator";1
"âtre";2
"atro";4
"âtro";1
"atry";1
"atse";5
"atso";1
"atta";32
"atte";150
"ätte";2
"atti";24
"ätti";6
"atto";3
"attu";7
"atug";1
"atza";2
"atzi";2
"ätzi";1
"au";40
"aubi";2
"auch";1
"auco";1
"aucs";1
"aucu";1
"auda";3
"aude";8
"audo";3
"auee";1
"auel";2
"auen";19
"auer";6
"äuer";1
"auet";1
"aufa";1
"aufe";1
"aufs";1
"auft";3
"auge";11
"augi";1
"augy";8
"auis";1
"äuis";1
"auja";1
"auji";1
"aula";3
"aule";17
"auli";8
"äuli";7
"aulö";1
"auls";3
"ault";2
"auma";3
"aume";7
"auna";6
"aund";1
"aune";1
"auns";5
"aunt";1
"auoz";1
"aupe";1
"aupt";5
"aura";5
"aurù";1
"ausa";9
"ause";8
"ausé";1
"äusi";1
"auss";1
"äust";1
"auta";3
"aute";2
"auté";1
"auts";2
"auva";1
"auw";1
"auwi";1
"aval";2
"avas";3
"avau";33
"avaz";1
"avéi";1
"avel";6
"aven";1
"aves";7
"âves";1
"avet";2
"avex";1
"avey";1
"avez";1
"avid";3
"avin";1
"avio";1
"avis";1
"avna";2
"avon";5
"avör";1
"avos";3
"avoz";1
"avra";2
"avre";7
"avri";1
"avrì";1
"avrü";1
"avry";1
"awen";1
"awil";1
"äwil";1
"axen";2
"axli";1
"axon";2
"ayat";1
"ayau";1
"ayaz";2
"ayen";7
"ayer";3
"ayes";17
"ayés";1
"ayon";3
"ayre";2
"azal";1
"azan";1
"azas";1
"azbi";1
"azel";1
"azen";1
"azén";1
"azet";1
"azin";2
"azio";2
"azis";1
"azot";1
"azun";2
"azza";7
"azze";2
"azzi";1
"azzo";9
"azzò";1
"baar";2
"bach";726
"bäch";14
"bacu";1
"bad";18
"bage";1
"bahn";1
"bain";1
"baio";1
"bala";1
"bald";1
"bäll";1
"balm";26
"balp";1
"bama";1
"bâme";1
"bank";5
"bänk";1
"bann";3
"bans";4
"bär";1
"bara";1
"bard";2
"bäre";1
"bärg";12
"barm";1
"bart";1
"barz";1
"bass";1
"baté";1
"bats";2
"bätt";1
"baud";1
"baum";27
"baye";8
"bbia";9
"bbio";10
"bèca";2
"bech";1
"bedo";1
"beer";1
"begg";16
"begn";1
"bein";1
"bela";1
"béla";1
"bele";1
"beli";70
"bell";1
"belp";1
"bels";1
"belz";1
"béné";2
"beni";2
"bens";1
"bera";3
"bèra";1
"bere";2
"berg";2002
"beri";1
"bern";12
"bert";28
"beru";1
"béry";1
"bésy";1
"beta";1
"béta";1
"bété";1
"bets";2
"bett";3
"beux";1
"bex";1
"beze";1
"bheg";1
"bhof";10
"bhus";4
"bick";1
"bièd";1
"bief";2
"biel";44
"bier";3
"biet";1
"bige";1
"bild";9
"bile";1
"bili";2
"bina";4
"bine";3
"bing";1
"binn";2
"bino";1
"binu";1
"binz";4
"biói";1
"bion";2
"biot";1
"bioz";2
"bipp";2
"bire";5
"birg";2
"birr";1
"birt";1
"bise";10
"bius";1
"bive";1
"blai";1
"bläs";1
"blat";2
"blee";1
"blen";17
"bler";5
"blèr";1
"bles";3
"blet";4
"bley";2
"blia";1
"blié";1
"blig";2
"blin";1
"blio";1
"blis";2
"bliz";1
"blon";3
"blos";2
"bloz";4
"bmen";1
"bmil";2
"bnen";2
"bnet";90
"bnit";35
"böcc";1
"bock";2
"boda";4
"bode";117
"böde";4
"bodo";4
"boè";1
"boet";1
"boga";1
"bogn";2
"bogo";1
"bohl";10
"böhl";18
"bois";41
"bol";4
"böl";1
"bola";2
"bold";3
"bôle";1
"boli";2
"boll";4
"böll";1
"bomm";1
"bon";1
"bona";1
"boni";1
"bonn";1
"bons";1
"bord";14
"bori";1
"born";3
"bort";9
"bot";1
"bote";1
"bött";1
"bötz";1
"boud";4
"boué";1
"böum";1
"bous";1
"boux";1
"bova";1
"brac";1
"bran";4
"bras";4
"braz";1
"brè";1
"brem";1
"bres";4
"bret";1
"brey";2
"bria";2
"brie";1
"brig";19
"brio";1
"bris";4
"brit";1
"briv";1
"broc";1
"bru";1
"brug";2
"brun";3
"brün";2
"bruz";1
"brys";1
"bsat";1
"bsch";3
"bsen";2
"bset";1
"bsle";1
"btal";1
"bü";1
"buch";34
"buck";42
"bue";1
"büel";343
"buen";2
"buet";1
"bugg";1
"bühl";270
"buiè";1
"buis";2
"buit";2
"buix";1
"büls";3
"bumo";1
"bün";1
"bund";1
"büni";1
"bunt";1
"bünt";6
"buo";1
"bure";2
"burg";146
"bürg";11
"burò";1
"buse";1
"butz";2
"bütz";5
"buus";1
"büx";1
"büxa";1
"büxe";1
"büza";1
"bwil";2
"bwis";1
"c sé";1
"cac";1
"cada";4
"cadi";1
"caia";2
"çais";2
"cala";2
"cale";1
"cama";1
"camp";1
"cams";1
"cané";2
"canè";1
"cänt";1
"car";1
"cara";1
"cära";1
"card";5
"carì";1
"carp";1
"cart";1
"casa";1
"case";7
"cate";1
"caun";1
"caus";1
"caux";2
"cavà";1
"cävi";1
"ccas";1
"cchi";1
"ccia";11
"ccio";14
"cciò";1
"ccot";6
"ceau";1
"céaz";1
"cedo";2
"cela";3
"ceng";1
"ceno";1
"cens";5
"cera";1
"cerf";6
"cero";1
"ces";1
"cesa";1
"cesü";1
"cèta";1
"ceth";1
"cett";2
"ceut";1
"ceux";1
"chaa";1
"chai";3
"cham";3
"chan";1
"chär";1
"chas";3
"chat";9
"chät";1
"chau";10
"chbu";1
"ched";1
"chee";1
"chée";2
"chei";1
"chel";50
"chem";1
"chen";307
"cher";385
"ches";76
"chet";21
"chex";1
"chey";2
"chez";3
"chga";3
"chi";1
"chia";15
"chià";1
"chiè";1
"chig";4
"chin";7
"chio";2
"chis";14
"chit";1
"chji";3
"chle";12
"chli";145
"chna";2
"chni";1
"chno";1
"chnü";4
"chod";1
"chol";1
"chon";8
"chot";3
"chou";1
"choz";3
"chra";4
"chrä";1
"chre";1
"chru";3
"chst";3
"chta";2
"chte";7
"chti";10
"chun";3
"chuo";2
"chur";3
"chür";55
"chut";1
"chys";1
"cial";2
"ciàl";1
"cian";2
"ciau";4
"ciaz";1
"ciel";2
"cien";1
"cier";4
"cies";1
"cif";1
"cima";4
"cimo";1
"cina";3
"cine";8
"cini";1
"cins";1
"ciöi";1
"ciöl";1
"cion";2
"cior";3
"cira";1
"cisa";1
"cise";2
"ciss";1
"cité";1
"ciüm";1
"ciun";1
"ciüs";1
"ckel";3
"cken";61
"cker";255
"ckes";3
"cket";3
"ckis";1
"ckji";2
"ckli";17
"clas";2
"claz";3
"clef";1
"cles";3
"clés";2
"clex";1
"cley";2
"clie";1
"clis";1
"clon";1
"clos";17
"clôt";1
"clou";9
"cloz";1
"clüs";2
"cò";1
"cobi";1
"còcc";1
"code";1
"coin";1
"cola";3
"coln";1
"colo";2
"como";1
"coms";1
"con";1
"cona";3
"còna";1
"cone";4
"cône";1
"conn";1
"cons";1
"çons";1
"coor";1
"copy";1
"core";1
"cori";2
"coro";1
"cort";1
"cot";1
"cote";2
"côte";24
"cots";3
"coty";1
"côty";1
"coud";1
"coué";1
"coui";1
"cour";3
"cqua";4
"cran";1
"crap";2
"cras";2
"crau";4
"crêt";26
"crey";1
"crie";1
"cron";2
"crot";6
"cröt";1
"crou";1
"croy";1
"crua";1
"csex";1
"cüa";1
"cucu";1
"cug";1
"cugy";3
"cuir";1
"cule";1
"culm";2
"cumo";1
"cuns";1
"cuol";1
"cuoz";1
"cura";1
"cure";3
"curé";1
"curo";2
"curt";1
"cusu";1
"cuva";2
"cuwa";1
"cyre";1
"d vy";1
"d'as";1
"d'el";1
"d'or";4
"d'ur";1
"dach";10
"dada";2
"dâda";1
"dado";7
"dafo";2
"dafò";1
"däge";1
"dagn";1
"dahn";1
"daia";1
"dain";1
"däir";1
"däle";1
"dalp";6
"dame";4
"dana";2
"danc";1
"dang";1
"dano";2
"dans";1
"dant";1
"dära";2
"dard";2
"dare";2
"daro";1
"dart";1
"dasc";3
"dast";1
"date";1
"daus";1
"daux";1
"dava";1
"dbad";1
"ddes";5
"ddor";1
"deca";1
"deck";2
"decy";1
"deer";1
"degg";123
"deia";1
"dein";1
"deis";1
"del";1
"dèla";1
"dele";4
"delé";2
"délé";1
"dèle";2
"deli";107
"dell";2
"deln";4
"dèlp";1
"dels";6
"dems";1
"dena";3
"deni";6
"dens";19
"dent";8
"depp";1
"dera";6
"déra";1
"dere";16
"dère";1
"dêrê";1
"deri";7
"dern";37
"ders";2
"dery";1
"derz";1
"dest";2
"detg";1
"dets";3
"deun";1
"deus";1
"dève";1
"devy";1
"dèze";1
"dfey";1
"dges";1
"dgut";1
"dhof";155
"dhus";14
"dico";1
"diel";4
"dier";5
"dies";9
"diés";1
"dieu";2
"diga";1
"dige";2
"digg";1
"digh";1
"dìgh";1
"dign";1
"dike";1
"dili";3
"dill";1
"dine";1
"dino";11
"dion";1
"diou";1
"dira";1
"dirr";1
"disc";2
"diso";2
"dist";1
"dith";2
"diul";1
"dizy";1
"djan";1
"dlei";1
"dlen";36
"dler";12
"dlet";1
"dlig";2
"dlin";2
"dlis";2
"dmäl";1
"dmen";27
"dmer";3
"dmes";1
"dmis";1
"dnal";2
"dnau";1
"dnig";1
"doda";1
"doey";1
"dögn";1
"dóir";1
"dola";2
"dòla";1
"dole";4
"dôle";1
"dolf";1
"dôme";1
"domo";2
"domp";1
"dona";1
"dond";1
"done";4
"doné";1
"döni";1
"dons";4
"dönz";1
"dora";5
"dorf";93
"dori";1
"dorn";5
"doro";1
"dort";1
"doru";1
"dosa";1
"doso";1
"doss";6
"dota";1
"doua";1
"dour";1
"doux";4
"doz";1
"dpra";1
"drai";3
"dral";1
"dran";2
"dras";2
"dray";1
"draz";2
"drel";1
"dres";3
"drés";1
"dret";2
"drex";1
"drey";6
"dria";2
"drie";1
"drim";1
"drin";1
"drio";2
"dris";1
"driu";1
"dröi";1
"dron";2
"dros";2
"droz";1
"druh";2
"drun";1
"druz";2
"dsau";2
"dsch";1
"dson";2
"dtal";5
"dten";3
"dtli";2
"dub";1
"duez";2
"duff";1
"duit";1
"duli";2
"dung";1
"duno";2
"dunt";1
"dura";7
"düra";2
"dürr";1
"duta";1
"dutz";1
"dval";4
"dweg";8
"dwil";7
"dwis";4
"dzan";1
"dzas";1
"dzâs";1
"dzes";1
"dzeu";2
"dzey";1
"dzis";1
"dzou";1
"e bu";1
"e fa";1
"è mâ";1
"e té";2
"e tô";1
"e vâ";1
"eala";1
"ealp";7
"eals";2
"eans";1
"eaud";3
"eaux";24
"eaza";1
"ebad";1
"ebas";1
"ébaz";1
"ebel";8
"eben";29
"eber";7
"ebes";4
"èbes";1
"ebet";1
"ebis";1
"ebja";1
"ebla";1
"ébla";1
"eble";1
"ebli";17
"ebne";2
"ebni";12
"èbre";1
"ecal";1
"écal";1
"écas";1
"écâs";1
"ecca";2
"ecco";2
"echa";2
"eche";10
"éché";1
"èche";13
"êche";4
"echi";3
"echt";18
"échy";3
"ecia";1
"ecio";1
"ecke";1
"ecki";8
"eçon";1
"écon";1
"ecot";2
"ecui";1
"ecul";2
"edan";1
"edas";1
"edee";1
"edée";1
"edei";1
"edel";5
"edem";1
"eden";20
"eder";10
"èdes";2
"edeu";2
"edil";1
"edin";2
"edis";3
"edji";1
"edla";1
"edlà";1
"edlè";1
"edli";23
"edòc";1
"edon";1
"edos";2
"edot";1
"édoz";1
"edra";6
"edrè";1
"edri";2
"edui";1
"eech";1
"eeji";1
"eeli";4
"eere";1
"eeri";2
"eess";1
"efan";1
"efaz";1
"efel";1
"efen";2
"efer";2
"efin";1
"efon";1
"efti";1
"egai";1
"ègan";1
"egel";10
"egen";26
"eger";2
"èges";1
"eget";1
"egg";106
"egga";34
"egge";22
"eggi";6
"eggu";3
"eghè";1
"egia";2
"ègia";1
"egìn";1
"egio";1
"egis";2
"egiu";1
"egli";5
"egls";1
"egna";9
"egni";1
"egno";9
"égno";1
"egns";3
"egny";3
"egos";1
"egot";1
"ègri";1
"egro";1
"egua";1
"eguè";1
"ègue";1
"egut";1
"ehag";4
"ehan";3
"ehem";6
"ehen";6
"eher";1
"ehli";2
"ehmi";1
"ehni";1
"ehof";65
"ehri";4
"ehrn";2
"ehus";15
"ehüs";2
"ei";7
"eiau";1
"éiba";1
"eibe";2
"eich";34
"eida";2
"eide";7
"eidi";8
"eiel";2
"eien";32
"eier";29
"eife";2
"eifi";1
"eige";3
"eigi";7
"eigy";1
"eija";1
"eike";5
"eiki";8
"eila";3
"eile";1
"eili";1
"eils";1
"eilz";1
"eime";4
"eimi";2
"eina";7
"eind";4
"eine";4
"eïne";1
"eini";11
"eins";8
"einz";1
"eips";1
"eira";5
"éira";2
"eire";21
"eiri";1
"èiro";1
"eiry";4
"eisa";1
"èisc";1
"eise";8
"eiss";1
"eist";11
"eita";2
"eite";34
"eiti";24
"eitu";1
"eity";2
"eiva";2
"eizi";2
"ejas";1
"éjau";1
"éjon";1
"eken";1
"elaï";1
"elan";3
"élan";1
"elar";1
"elas";2
"elat";2
"elau";2
"elay";2
"élay";1
"elaz";1
"elbi";1
"elch";1
"eldi";3
"elee";1
"elée";1
"elei";3
"elen";128
"eler";5
"elés";1
"èlès";1
"êles";2
"elet";19
"élet";2
"élex";1
"eley";10
"éley";1
"elez";1
"elgg";4
"elin";12
"elis";6
"ell";1
"ella";58
"ellä";1
"elle";40
"elli";22
"ello";45
"ells";2
"elm";2
"elma";2
"elme";1
"elna";1
"eloi";1
"elon";6
"élon";2
"èlon";1
"eloo";2
"elos";1
"elot";3
"elte";2
"elti";24
"elts";1
"elun";1
"elva";13
"elve";1
"elza";1
"elze";1
"elzi";1
"emad";4
"emat";1
"emay";1
"emaz";1
"embd";1
"emel";1
"emen";7
"emer";1
"emes";1
"emet";1
"emin";3
"emis";2
"emji";4
"emli";8
"emmi";1
"emon";2
"émon";1
"emor";1
"emos";1
"émoz";1
"emps";1
"emsi";1
"émys";1
"enal";8
"enan";3
"énan";1
"enas";1
"enâs";1
"enat";3
"énat";1
"enau";64
"enay";3
"enaz";8
"énaz";1
"enca";7
"ence";7
"encì";1
"enda";1
"ende";6
"endi";166
"enei";10
"enen";98
"enes";1
"enés";1
"ênes";3
"enet";9
"eneu";2
"enex";2
"eney";11
"enez";2
"énez";1
"enga";4
"enge";4
"engg";20
"engi";32
"engo";23
"enia";1
"enig";1
"enil";1
"enin";4
"enir";1
"enis";7
"enit";2
"énix";1
"enke";1
"enli";1
"enna";7
"enne";8
"enni";2
"enno";1
"enod";1
"enol";1
"enon";1
"énor";1
"énou";1
"enoz";1
"enri";1
"ensa";2
"ensc";1
"enso";2
"enta";1
"ente";1
"ento";1
"ents";4
"entz";1
"envy";1
"enza";3
"enzi";7
"enzo";1
"eoir";1
"eois";2
"eola";1
"éona";3
"eons";1
"epel";1
"epes";3
"epey";1
"épey";4
"epfi";2
"epin";2
"epis";5
"epja";1
"épon";1
"epos";2
"eppa";3
"eppi";1
"eraa";1
"erai";2
"eral";1
"eran";3
"éran";1
"eras";6
"erat";2
"erau";36
"eray";2
"éray";1
"éraz";1
"erb";1
"erba";1
"erbe";7
"erbé";1
"erbi";5
"erbo";1
"erby";1
"erce";1
"ercé";1
"erch";8
"erda";3
"erde";2
"erdi";3
"erdy";1
"eree";1
"erei";20
"erel";3
"eren";248
"éres";1
"ères";88
"eret";27
"éret";1
"ereu";1
"erex";4
"erey";16
"érey";1
"erez";2
"erfs";1
"erge";12
"ergi";1
"ergs";2
"eria";2
"èria";1
"eric";1
"erie";44
"erié";1
"érie";1
"èrie";2
"erig";16
"eril";1
"erin";7
"érin";2
"erio";8
"eris";4
"erix";1
"eriz";5
"erl";1
"erla";1
"erle";10
"erlé";1
"erli";144
"erly";1
"erme";6
"erms";1
"erna";12
"erne";26
"erni";3
"erns";1
"erny";1
"erod";1
"érod";1
"erol";1
"eron";10
"éron";1
"éros";1
"erot";1
"erou";1
"erow";1
"eroz";1
"êrpo";1
"erra";7
"erre";19
"erré";1
"errè";1
"erri";4
"erro";2
"erru";2
"erry";4
"ersa";5
"ersé";1
"erso";1
"erst";3
"erta";3
"erte";18
"erti";10
"erto";2
"erts";34
"erua";1
"erue";1
"eruf";1
"erva";3
"erve";3
"ervé";1
"ervi";1
"erza";2
"erzi";7
"ésai";1
"esal";1
"ésal";2
"èsar";1
"esat";2
"esau";2
"ésau";2
"esay";1
"ésaz";2
"esca";1
"esch";24
"esco";3
"esee";1
"esel";2
"ésel";1
"esen";37
"eses";2
"éses";1
"èses";1
"esey";1
"esgè";1
"esgi";1
"esia";1
"ésil";4
"esin";3
"ésin";1
"esio";1
"ésir";3
"esli";6
"éson";2
"espi";1
"ess";1
"essa";7
"esse";31
"essi";3
"esso";12
"essy";6
"esta";14
"estä";1
"este";1
"esti";12
"estì";1
"esul";2
"ésuz";1
"etal";18
"etan";1
"etat";1
"état";2
"étaz";1
"êtaz";2
"êtée";1
"etel";11
"eten";99
"eter";7
"ètes";1
"êtes";10
"êtés";1
"étêt";1
"êtet";2
"etex";1
"etga";2
"étif";2
"etig";1
"etin";1
"étin";1
"étis";1
"etit";4
"etje";1
"etji";3
"etli";61
"etna";1
"étod";1
"eton";1
"etoy";2
"être";1
"etri";2
"ètri";1
"etro";2
"étro";1
"etse";3
"ètse";1
"etta";76
"ette";175
"ettè";1
"etti";10
"etto";34
"ettu";2
"etza";1
"etze";1
"etzé";2
"etzg";1
"etzi";6
"eu";3
"euba";2
"eubs";1
"éuda";1
"euel";5
"euen";4
"euer";34
"eues";1
"eufi";4
"eufs";6
"euga";1
"euil";1
"eule";7
"euli";1
"euls";2
"euna";1
"eune";3
"eunt";1
"eura";2
"eure";1
"euré";1
"euri";2
"euro";1
"eurs";5
"euse";15
"eusi";1
"euss";1
"eust";5
"euta";1
"eute";14
"euti";7
"euty";1
"euve";34
"euw";1
"euza";1
"eval";2
"évan";1
"évau";1
"evay";2
"évay";1
"évaz";2
"evée";1
"evèi";1
"evel";4
"ever";1
"èves";4
"eveu";1
"evex";2
"evey";3
"evez";1
"evia";2
"evie";2
"evin";3
"évin";3
"evio";2
"evis";1
"évis";1
"evix";1
"evon";2
"évôt";1
"evra";1
"èvre";8
"evri";1
"evue";15
"ewag";1
"eweg";4
"ewen";3
"ewer";1
"ewil";11
"ewis";4
"ewle";1
"ewli";8
"ey";19
"eyat";1
"eyen";1
"eyer";4
"eyes";2
"eyet";1
"eyis";1
"eyli";1
"eylo";1
"eyne";1
"eyoc";1
"eyre";19
"eyta";1
"eyti";1
"ezen";7
"ezer";1
"ezês";1
"ezet";1
"ezia";2
"ezig";1
"ezio";1
"ezug";1
"ezün";1
"ezza";16
"ezze";1
"ezzi";1
"ezzo";7
"fabi";1
"fad";3
"faèd";1
"fähl";5
"fahn";1
"fahr";6
"fahy";3
"fäld";1
"fall";12
"falo";1
"falp";1
"fals";1
"fama";1
"fan";1
"fand";5
"fang";66
"fäng";1
"fänn";2
"fans";2
"far";1
"farb";6
"fard";4
"fare";1
"farè";1
"färi";1
"farm";1
"farn";4
"fart";1
"faud";1
"faux";1
"faye";7
"fayo";1
"fays";2
"fazù";1
"fbod";1
"feel";1
"fées";1
"fège";1
"fegg";5
"fehd";1
"fehl";2
"feld";230
"feli";46
"fell";16
"feln";3
"fels";18
"fene";1
"féni";1
"fens";2
"fera";4
"fèra";1
"fere";5
"fère";1
"feri";1
"fern";8
"fers";6
"fert";3
"féru";1
"feur";1
"feux";1
"fex";1
"fey";2
"fezi";1
"ffel";15
"ffen";13
"ffer";3
"ffes";1
"ffia";1
"ffig";4
"ffis";1
"ffli";2
"fgut";2
"fhag";2
"fhof";4
"fié";1
"fieb";1
"fief";2
"fier";1
"fies";2
"fieu";1
"fiez";1
"figa";1
"fige";1
"fill";1
"fils";1
"fina";1
"fine";2
"fing";2
"fini";1
"fins";1
"fios";1
"fioz";1
"five";3
"flat";1
"flei";1
"flen";10
"fler";2
"flet";1
"flie";7
"flis";2
"flon";3
"flou";1
"floz";1
"flue";67
"flüe";20
"flug";1
"fluh";61
"flüh";13
"flüo";2
"flur";1
"fnau";1
"fner";1
"foan";1
"foge";2
"fois";1
"folz";4
"fond";3
"font";2
"foo";1
"fòpa";1
"fopp";2
"fops";1
"fora";10
"fori";1
"forn";3
"fort";6
"forz";1
"fou";1
"foué";1
"four";14
"fous";1
"foux";2
"frei";3
"frey";3
"fri";1
"fria";1
"frig";1
"fris";1
"fröa";1
"frol";1
"fron";1
"fros";1
"frot";1
"früa";1
"frut";1
"fsch";2
"ftal";3
"ftan";1
"ften";5
"ftli";1
"fuet";2
"fuge";1
"fuhr";11
"full";1
"fund";1
"fups";1
"fura";4
"fure";14
"furi";5
"furn";1
"furt";12
"fuso";1
"fuss";2
"fwil";6
"fwis";3
"fy";1
"gäba";1
"gabe";1
"gabi";1
"gäbi";2
"gach";1
"gada";2
"gade";7
"gagl";1
"gais";3
"galb";1
"galm";1
"galo";1
"galp";10
"gals";2
"galt";1
"gamp";1
"gams";1
"gana";9
"gand";5
"gane";1
"gang";4
"gano";1
"gans";1
"gant";1
"gänt";1
"gapf";1
"gara";1
"gard";19
"gare";1
"garn";1
"gart";4
"gary";1
"gäsi";5
"gass";23
"gast";1
"gati";1
"gatz";1
"gäu";4
"gaue";1
"gaus";1
"gäuw";1
"gbad";1
"gböl";1
"gden";1
"geas";1
"geat";1
"geau";1
"geer";2
"gegg";15
"gehr";1
"gehü";1
"gei";1
"gein";2
"gela";3
"gèla";1
"gele";4
"geli";54
"gell";4
"geln";3
"gels";4
"gena";3
"gend";1
"gene";1
"geno";2
"gens";4
"gent";2
"geon";4
"ger";3
"gera";11
"géra";1
"gere";9
"gère";8
"geri";10
"gern";21
"gerp";1
"gers";3
"gert";7
"gerz";2
"gess";1
"gete";5
"gète";1
"geur";1
"geux";3
"geva";1
"gève";1
"gfäl";1
"ggau";1
"ggäu";1
"ggei";2
"ggel";6
"ggen";117
"gger";17
"ggia";15
"ggin";3
"ggio";31
"ggis";13
"ggja";1
"ggji";1
"ggla";2
"ggle";8
"ggli";97
"ggrü";1
"ggus";1
"ghee";1
"ghei";1
"ghéi";1
"ghel";1
"ghen";3
"gher";1
"ghof";102
"ghör";1
"ghus";7
"gial";2
"giàn";1
"gias";8
"gier";5
"giet";1
"giez";3
"gige";3
"gigi";2
"gili";1
"gill";2
"gina";2
"gine";6
"gini";4
"gino";2
"gins";5
"gió";1
"giof";1
"gioi";1
"gion";1
"gire";1
"girs";1
"gise";1
"gist";2
"gîte";11
"gîto";2
"giul";1
"giun";1
"give";1
"givè";1
"giw";1
"gix";1
"glar";2
"glas";2
"glen";64
"gler";2
"gles";2
"glia";21
"glin";1
"glio";23
"glis";6
"glix";1
"gliz";1
"glod";1
"glü";1
"gmad";2
"gmen";1
"gnal";4
"gnan";1
"gnas";9
"gnat";6
"gnau";19
"gnay";1
"gnaz";1
"gnee";1
"gnei";1
"gnes";14
"gnet";2
"gneu";1
"gnez";2
"gnia";2
"gnin";7
"gnis";2
"gniu";1
"gnöd";1
"gnoi";1
"gnòi";1
"gnon";28
"gnot";2
"gnou";3
"gnoz";2
"goay";1
"god";1
"goda";1
"godé";1
"godo";1
"gogn";1
"gohl";3
"golà";1
"gomp";1
"goms";1
"gone";2
"goor";1
"gora";1
"gori";1
"gorn";1
"gorz";1
"gots";1
"gott";1
"gou";1
"gräf";1
"gran";1
"grat";59
"grès";1
"grin";5
"gris";1
"grod";4
"gron";1
"grön";5
"gros";1
"grot";1
"grub";11
"grüe";1
"grüm";1
"grun";1
"grüt";48
"gryd";1
"gsal";1
"gsau";1
"gseu";1
"gste";4
"gsti";1
"gtal";2
"gten";1
"guad";1
"guay";1
"guda";1
"güde";1
"gudo";1
"guel";1
"guèr";1
"gues";1
"guet";84
"guey";1
"gugg";2
"gugi";2
"gühn";1
"guin";1
"gula";2
"gull";1
"gulm";2
"gumi";2
"gumm";4
"gums";1
"gung";1
"guno";1
"guns";3
"guot";3
"gupf";5
"gure";1
"gut";3
"gweg";1
"gwil";13
"gwis";5
"gy";1
"haab";1
"haag";2
"haan";1
"habs";1
"hach";3
"hack";1
"hafe";1
"haft";4
"hag";8
"hagl";1
"hais";1
"hala";1
"häla";1
"halb";10
"hale";2
"häle";5
"hälf";1
"hali";1
"häli";5
"hall";3
"halm";3
"halp";10
"hals";4
"hamm";13
"hamp";10
"hana";2
"hand";2
"hanf";1
"hani";1
"häni";2
"hann";2
"hans";1
"hant";1
"hanz";3
"hapf";23
"hära";1
"hard";37
"härd";4
"häri";2
"harl";1
"hart";7
"harz";1
"hats";2
"hatz";1
"haud";4
"haus";332
"haut";61
"haux";45
"hava";1
"hbad";2
"hbel";2
"hböl";1
"heeg";1
"heel";2
"heer";11
"heg";1
"hegg";41
"hegi";11
"hehr";1
"heid";16
"heim";65
"hein";5
"héin";1
"heis";1
"heit";2
"heji";1
"hêla";1
"held";6
"heli";9
"hell";11
"helm";1
"heln";1
"hels";10
"hemi";2
"hena";1
"hene";1
"hêne";15
"heng";2
"heni";1
"hens";1
"henz";2
"heps";1
"hera";9
"hèra";2
"herd";6
"here";23
"hère";10
"heri";3
"hern";15
"hers";4
"hert";2
"heru";1
"herz";4
"hess";31
"heta";1
"héta";1
"hete";1
"hété";1
"hetg";1
"heti";1
"hets";5
"hetu";1
"heui";1
"heur";1
"heux";1
"hezz";1
"hgaz";1
"hgen";5
"hgun";1
"hgut";6
"hhag";1
"hhei";1
"hhof";74
"hhus";4
"hias";1
"hibe";1
"hide";1
"hieb";1
"hièd";1
"hien";2
"hier";6
"hies";2
"hiev";1
"hiez";1
"hige";4
"higg";2
"hiir";1
"hild";2
"hile";1
"hilf";1
"hili";2
"hilt";13
"hime";1
"hina";6
"hini";1
"hino";2
"hins";4
"hinu";2
"hiou";1
"hipf";4
"hipp";1
"hire";1
"hirs";3
"hirz";1
"hise";1
"hiss";1
"hity";1
"hlad";2
"hlag";29
"hlat";1
"hlau";4
"hleb";1
"hlee";1
"hlei";1
"hlen";54
"hler";10
"hlés";1
"hlif";2
"hlig";5
"hlin";2
"hlis";3
"hloh";1
"hloo";5
"hlos";1
"hlti";1
"hlun";1
"hlus";8
"hmad";2
"hmen";2
"hmes";1
"hmet";1
"hnat";1
"hnau";2
"hnen";6
"hner";3
"hnet";1
"hneu";1
"hnür";1
"höch";2
"höck";2
"hoëx";1
"hof";70
"höf";4
"hofe";7
"höfe";4
"hogg";1
"högg";4
"höh";1
"höhe";33
"höhg";1
"höhi";9
"hoi";1
"hoin";1
"hoix";1
"höji";3
"hol";1
"hola";1
"hole";2
"hôle";1
"holi";1
"höli";4
"holl";1
"höll";8
"holz";347
"homo";1
"hona";1
"hône";3
"hong";1
"honi";1
"höni";8
"hons";4
"hööi";1
"hoor";2
"hopf";12
"höpf";1
"horb";3
"hore";8
"hori";4
"höri";3
"horn";53
"horr";1
"horu";1
"horw";1
"hory";1
"hoss";1
"hots";1
"hotz";1
"hötz";1
"houd";6
"houx";3
"hräg";1
"hrau";1
"hren";66
"hriz";2
"hrli";8
"hrni";1
"hros";3
"hrot";5
"hrut";2
"hrüz";4
"hsee";3
"hsel";1
"hsen";2
"hser";2
"hsli";1
"htal";9
"htel";8
"hten";18
"htli";2
"hub";8
"hube";3
"hübi";1
"hubu";1
"huck";1
"hueb";58
"huel";1
"hüel";1
"huem";1
"huen";1
"huet";3
"hüfi";1
"hugg";1
"huis";1
"hüis";1
"hüli";1
"humi";3
"humm";3
"huna";1
"hund";1
"hüni";1
"huob";5
"huoz";1
"hüpf";2
"hupp";2
"hüre";1
"hurm";1
"hurn";1
"hürn";4
"hurs";1
"hus";1
"huse";8
"hüsi";22
"husy";1
"hutt";1
"hütt";2
"hutz";4
"hüür";1
"hweg";8
"hwil";94
"hwis";2
"hwyz";1
"hyfe";1
"hyon";1
"hyre";2
"hyse";1
"hzel";2
"i au";1
"i cò";1
"i ey";1
"i là";3
"i ne";1
"i-au";1
"iach";1
"iada";1
"iadè";1
"iaga";2
"ìaga";1
"iagn";1
"iago";2
"iale";1
"iâlè";1
"iall";1
"ialp";21
"ials";3
"iana";14
"iand";2
"iane";2
"iani";1
"iano";28
"iâno";1
"iant";1
"iard";3
"iaro";1
"iaso";1
"iast";1
"iata";4
"iaux";23
"iavo";1
"iavù";1
"ibad";3
"ibel";34
"iben";7
"ibet";1
"ible";1
"ibli";1
"ibon";1
"ibül";1
"icaz";1
"icce";1
"ices";1
"icet";2
"icha";1
"iche";18
"îche";1
"ichi";18
"ichs";3
"icht";9
"icin";1
"icke";3
"icki";3
"iclà";1
"icle";1
"icod";1
"idal";1
"idàl";1
"idas";2
"idau";8
"idaz";1
"idei";2
"idem";2
"iden";28
"ider";2
"ides";1
"ideu";2
"idez";1
"idli";124
"idmi";2
"idor";1
"idrè";1
"idum";1
"idzo";1
"iebe";2
"iebi";3
"ièce";7
"ieck";1
"iede";4
"ieds";2
"iedt";3
"iefa";2
"iefe";1
"iege";1
"iège";4
"iegg";6
"iégn";1
"iehe";1
"iein";5
"ieja";2
"iela";7
"iele";2
"ieli";11
"iels";1
"ième";1
"iémo";1
"ièna";1
"ieng";1
"ieni";5
"iens";6
"ient";2
"ienz";3
"iera";4
"ière";137
"ierg";1
"ieri";4
"iern";3
"iers";36
"ieru";1
"ierv";2
"iéry";2
"iesa";4
"iesc";1
"iese";11
"ièse";1
"iess";5
"iet";1
"ieta";1
"iète";4
"iets";5
"iett";1
"iètt";1
"ietu";2
"ïeul";1
"ieur";3
"ieux";12
"ieva";1
"ièze";1
"ifal";1
"ifel";1
"ifen";1
"ifer";3
"ifig";3
"ifit";1
"ifiu";1
"igal";1
"igau";3
"igel";4
"igen";278
"iger";13
"igge";2
"iggi";5
"iggu";2
"ighè";2
"igia";4
"igis";2
"igla";1
"igle";2
"igli";3
"igna";8
"igne";11
"igné";1
"igno";2
"ignö";1
"igns";1
"igny";24
"igòi";1
"igot";1
"igra";1
"igre";1
"igue";6
"igut";2
"ihel";1
"ihen";2
"iher";10
"ihof";181
"ihus";17
"ihüs";4
"ihut";1
"ii";1
"iifi";1
"iiti";1
"ijer";3
"iken";30
"iker";1
"ikon";153
"ilat";1
"ilbi";1
"ildi";2
"ilée";2
"ilen";60
"iler";43
"iles";6
"ilet";2
"ilez";1
"ilfa";2
"ilis";1
"ilji";1
"ilke";2
"illa";9
"ille";88
"illi";4
"illy";10
"iloh";1
"ilon";1
"iloo";1
"ilöö";1
"ilot";1
"iloz";1
"ilti";6
"ilum";1
"ilun";1
"imad";3
"imar";1
"imat";4
"imbo";1
"imee";1
"imel";3
"imen";12
"imer";2
"imés";1
"imet";5
"imey";1
"imi";1
"imis";1
"imli";1
"imme";1
"immi";1
"imne";3
"imon";2
"imos";1
"imöu";1
"imun";1
"inal";4
"inàl";2
"inan";1
"inas";14
"inau";5
"ince";3
"incu";1
"incy";1
"inde";13
"indi";1
"inée";1
"inéi";1
"inèi";1
"inel";4
"inen";25
"iner";1
"ines";31
"inet";11
"ïnet";1
"ineu";1
"inex";1
"inga";1
"inge";17
"ingg";3
"ingi";6
"ings";2
"ingu";3
"ingy";1
"inia";1
"inig";6
"inii";1
"inis";5
"iniz";1
"inka";1
"inli";2
"inna";3
"inne";2
"inod";2
"inol";1
"inon";1
"inos";1
"inoz";1
"ins";1
"inte";2
"intg";1
"into";3
"inza";1
"inzi";3
"iöch";1
"ioda";2
"iodi";2
"iòis";1
"iola";6
"iole";4
"iolo";8
"iols";1
"iona";2
"ionc";1
"iond";8
"ione";10
"ioni";3
"ions";4
"iora";6
"iòra";1
"iöra";1
"iord";1
"iore";4
"iòss";2
"iota";1
"iòta";1
"iott";1
"ioty";1
"iouc";1
"ioud";1
"ioux";1
"iova";1
"ipen";1
"ipes";1
"ipfe";2
"ipfi";4
"ipis";1
"ipon";1
"ippa";4
"ippe";2
"ippo";1
"ique";1
"iran";2
"iras";7
"irch";30
"ire";1
"irel";4
"iren";2
"ires";35
"ïres";1
"ireu";1
"irév";1
"irgg";1
"irgi";3
"iria";1
"irie";8
"irin";2
"irla";1
"irli";2
"irmi";2
"irni";1
"irod";3
"irói";1
"iròi";1
"iröi";1
"irol";1
"iron";6
"irot";1
"îrre";1
"irri";1
"irst";12
"irun";1
"isal";3
"isas";1
"isat";2
"isau";14
"isce";1
"isch";36
"isci";1
"isee";1
"isée";1
"isei";9
"isel";5
"isen";25
"iseo";1
"iser";2
"ises";26
"iset";3
"isey";1
"isge";1
"isig";4
"isin";1
"isio";3
"isis";1
"isla";6
"isle";3
"isli";20
"isme";1
"ison";14
"isor";1
"isoz";1
"ispu";1
"isra";1
"issa";1
"isse";14
"issi";4
"isso";1
"issy";6
"ista";4
"iste";1
"isti";2
"isto";1
"isur";1
"ital";24
"itan";1
"itat";1
"itel";1
"iten";61
"iter";1
"ites";6
"itet";2
"itin";1
"îtin";1
"itis";1
"itli";7
"itom";1
"iton";1
"itro";1
"itta";1
"itte";8
"itti";1
"itto";3
"ittu";1
"itut";1
"itze";2
"itzé";1
"itzi";20
"iucr";1
"iuéi";1
"iüéi";1
"iufs";1
"iula";1
"iüna";1
"iuns";1
"iünz";1
"iura";1
"iusa";2
"iüsé";1
"ival";2
"ivan";1
"ivaz";6
"iveo";1
"iver";1
"ives";6
"ivet";1
"ivin";1
"ivio";3
"ivis";1
"ivla";1
"ivol";1
"ivra";2
"ivre";3
"ivro";1
"ivue";4
"iweg";2
"iwen";1
"iwil";32
"iwis";4
"ixes";1
"izen";2
"izes";1
"izin";1
"izio";1
"izji";3
"izli";1
"izöl";1
"izon";1
"izun";1
"izzi";1
"jaho";1
"jäst";1
"jatz";2
"jaun";1
"jaus";1
"jbel";1
"jean";10
"jeja";1
"jele";1
"jens";1
"jéra";1
"jere";2
"jeur";6
"jeux";1
"jimo";1
"jine";1
"jing";1
"jini";5
"jire";1
"jîre";2
"jiri";1
"jivi";1
"joch";2
"jöhr";1
"joli";1
"jols";1
"joly";4
"jon";1
"jona";1
"jong";1
"jons";1
"jor";1
"jora";1
"jos";1
"jost";1
"jour";1
"joux";30
"jren";1
"juch";14
"juck";1
"juf";1
"kaa";1
"kabi";1
"käh";1
"kalp";2
"kamm";2
"kans";1
"kapf";27
"kart";1
"kegg";2
"kehr";9
"kele";1
"keli";1
"keln";3
"kels";4
"kera";5
"kere";15
"keri";1
"kern";18
"kert";2
"khof";23
"khus";1
"kien";2
"kinn";1
"kipf";3
"kipp";1
"klän";1
"klee";2
"klen";7
"kler";4
"klis";1
"klön";1
"klus";9
"knau";1
"kneu";1
"knup";1
"kofe";2
"kopf";2
"kten";3
"kuen";1
"kulm";5
"kumm";2
"kuss";1
"kweg";1
"kwil";1
"l au";1
"l fò";1
"l'er";1
"laad";9
"laas";3
"laax";1
"läbi";1
"lace";7
"lach";12
"lack";3
"läck";1
"lacs";1
"lada";2
"lade";1
"lädi";1
"ladu";1
"lag";1
"lage";4
"lagi";1
"lägi";1
"lago";5
"lags";1
"lain";5
"lair";2
"lais";7
"laja";2
"lalp";18
"lame";3
"lamm";6
"lana";9
"lanc";13
"land";32
"länd";2
"lane";1
"lané";4
"lâne";8
"lang";5
"läng";3
"lani";4
"lank";5
"lano";3
"lâno";1
"lans";21
"lant";2
"lany";1
"lanz";1
"lapé";1
"lapf";2
"lär";1
"lara";1
"lard";33
"lare";1
"larn";1
"laro";1
"lars";12
"laru";1
"lary";2
"las";1
"lasc";5
"lase";1
"läsi";1
"last";2
"lat";1
"lata";3
"late";1
"lats";8
"latt";78
"latz";18
"lätz";6
"laua";1
"laub";7
"laud";1
"lauf";1
"laui";27
"läui";4
"laun";8
"laus";7
"laux";3
"lavo";1
"lavy";2
"lawi";1
"lax";2
"laya";1
"lays";1
"lazi";1
"lbad";4
"lban";1
"lben";2
"lber";4
"lbin";1
"lbio";1
"lbis";4
"lbun";1
"lcas";1
"lche";2
"lchi";1
"lcon";1
"ldau";4
"lden";275
"lder";6
"ldey";2
"ldig";4
"ldin";1
"ldis";1
"ldji";4
"ldli";14
"ldry";1
"ldun";1
"ldur";1
"leau";1
"leci";1
"leck";1
"ledi";17
"lèdo";1
"leds";1
"lee";12
"leen";7
"leer";1
"lees";2
"lées";1
"lège";1
"legg";63
"legi";25
"legn";2
"leh";7
"lehn";68
"lei";1
"leif";7
"leil";3
"leim";1
"lein";4
"leis";3
"léje";1
"lèjè";1
"lela";3
"leli";3
"lème";1
"lems";1
"lemy";1
"lena";3
"lend";1
"lene";2
"léne";1
"lène";3
"leni";3
"leno";1
"lens";40
"lenz";4
"leon";2
"léon";1
"lera";22
"lere";25
"lère";7
"lêrè";1
"leri";2
"lern";39
"lèro";1
"lers";9
"lert";1
"lery";2
"lerz";3
"lesa";1
"lési";1
"less";1
"leta";3
"lète";1
"letg";2
"léti";1
"lets";30
"lett";2
"lètt";1
"letz";10
"leu";2
"leue";1
"leun";1
"leus";1
"leux";5
"leye";1
"leys";5
"lfen";1
"lfer";1
"lfey";1
"lfig";1
"lfis";4
"lgau";1
"lgen";9
"lger";3
"lggi";1
"lgia";2
"lgin";1
"lgio";2
"lgis";3
"lgli";20
"lgos";1
"lgut";3
"lhof";125
"lhus";8
"liai";1
"lian";1
"lias";7
"liat";2
"liau";2
"liaz";2
"lick";14
"lics";1
"lida";2
"lide";1
"lidu";1
"lied";1
"liel";1
"lien";5
"lier";34
"lies";4
"liès";1
"liet";4
"lieu";28
"liez";3
"lifi";2
"lige";7
"ligs";3
"ligu";1
"liis";1
"lime";1
"limi";2
"lims";1
"lina";15
"lind";4
"line";6
"ling";2
"lini";3
"linn";1
"lino";13
"lins";19
"linu";1
"lion";9
"lios";2
"liou";1
"lipf";5
"lipp";1
"lire";2
"lisa";2
"lise";4
"liss";1
"list";2
"litt";1
"liun";3
"lius";1
"liva";4
"live";2
"liwi";1
"lizi";1
"ljes";1
"ljüt";1
"lken";5
"llar";1
"llas";4
"llat";2
"llau";5
"llay";2
"llaz";12
"llee";3
"llen";92
"ller";22
"lles";73
"llet";26
"lleu";1
"llex";3
"lley";14
"llie";2
"llif";1
"llin";2
"llis";6
"llme";2
"llmi";6
"lloc";1
"llod";9
"llon";41
"lloo";1
"llos";1
"llot";2
"llou";2
"lloz";2
"lly)";2
"llys";1
"lmad";2
"lmat";1
"lmaz";1
"lmen";11
"lmer";1
"lmes";1
"lmet";2
"lmid";7
"lmig";3
"lmis";9
"lmit";6
"lmiz";4
"lmli";3
"lmly";1
"lnau";4
"lnid";1
"lö";1
"loc";1
"loch";192
"löch";1
"loco";1
"loda";1
"lode";2
"lödi";1
"loex";1
"loëx";2
"lofe";2
"loga";1
"loge";3
"lögg";1
"logs";1
"logy";2
"loh";5
"lohn";9
"löhr";1
"loi";1
"löi";1
"loia";1
"loib";1
"loin";1
"loja";1
"lom";1
"lomb";4
"lomé";1
"lon";1
"lona";3
"löna";1
"lond";1
"lone";2
"long";7
"loni";2
"lono";1
"lons";7
"loo";14
"löö";2
"lood";1
"loog";1
"looh";2
"loon";2
"löör";1
"loos";5
"lops";1
"lora";3
"lord";1
"loré";1
"lori";2
"loro";1
"lose";3
"loss";8
"losy";3
"lots";1
"löüb";1
"loud";4
"loue";1
"loué";1
"louf";1
"loui";1
"loup";9
"lour";1
"lous";8
"loux";4
"löw";1
"loye";3
"lpen";4
"lpes";2
"lpji";9
"lpli";21
"lpsu";1
"lpun";1
"lruz";1
"lsau";3
"lsch";1
"lsee";6
"lsen";6
"lsli";3
"ltal";4
"lten";94
"lter";4
"ltig";1
"ltli";11
"ltru";1
"ltwi";1
"lü";2
"luan";1
"luc";1
"luch";1
"luck";7
"ludi";1
"luds";3
"lüds";1
"luée";1
"lueg";3
"lüeh";2
"luen";2
"lüen";1
"lués";1
"luex";1
"luft";1
"lüga";2
"lugg";1
"luie";2
"luis";1
"lüje";1
"lüls";1
"lumm";1
"lumo";1
"lums";5
"luna";1
"lüna";2
"lund";7
"lung";1
"luns";1
"luom";1
"lupf";5
"lupo";1
"lus";3
"lüsa";1
"luse";3
"lusi";3
"luss";1
"lüss";1
"luys";1
"luzi";1
"lval";1
"lvan";1
"lvas";2
"lvat";1
"lvet";1
"lvin";1
"lweg";3
"lwil";10
"lwis";8
"lyon";1
"lyre";1
"lyss";1
"lzas";1
"lzen";3
"lzer";2
"lzig";1
"lzji";1
"lzli";48
"lzra";1
"lzun";1
"maad";14
"määs";1
"mach";1
"mad";7
"madé";1
"mädi";1
"magi";1
"mähl";1
"main";2
"maio";2
"maiò";1
"mais";1
"mäis";1
"mala";4
"malp";1
"mana";4
"mand";2
"mänd";1
"mane";1
"mann";5
"mano";1
"mans";2
"mara";1
"mära";1
"marc";1
"mard";4
"marè";1
"mark";2
"marn";1
"maro";1
"mas";1
"mase";1
"mäss";1
"mats";1
"matt";935
"maur";2
"maye";2
"mbal";1
"mbaz";4
"mbel";9
"mbes";31
"mbey";1
"mbin";1
"mbir";1
"mbon";2
"mboz";1
"mbra";3
"mbrì";2
"mbro";1
"mden";1
"meau";1
"mede";1
"medo";1
"megg";13
"mein";3
"meir";1
"meis";2
"mele";3
"melê";1
"meli";11
"meln";2
"mels";3
"melt";1
"mély";1
"mena";1
"mend";31
"mène";2
"meni";1
"menn";1
"mens";2
"ment";9
"méon";1
"mera";2
"mere";11
"meri";7
"merk";2
"mern";16
"mert";1
"meru";1
"mete";1
"meté";1
"mets";2
"metz";1
"meul";1
"meux";2
"mex";3
"meya";1
"meye";1
"mgut";1
"mhof";8
"miau";1
"miaz";1
"midu";1
"mier";4
"mies";2
"miex";2
"miez";2
"mige";4
"migu";1
"milà";2
"mili";5
"mina";2
"mine";11
"mini";1
"mino";3
"mins";1
"mirì";1
"mita";2
"mite";1
"miti";1
"mivy";2
"mlej";1
"mlen";3
"mler";2
"mlet";1
"mmat";1
"mmel";4
"mmen";40
"mmer";23
"mmes";3
"mmet";4
"mmez";2
"mmis";4
"mmit";1
"mmiz";1
"mmle";1
"mmli";5
"mmun";3
"moei";1
"moia";1
"mois";2
"môle";1
"moli";1
"mols";1
"mon";1
"mona";1
"mond";6
"mone";2
"mône";1
"mons";1
"mont";155
"moor";1
"moos";480
"mora";2
"mori";1
"moro";1
"mort";4
"mory";1
"mösi";2
"mot";3
"mott";2
"mött";1
"moud";2
"moun";1
"mour";2
"mpac";1
"mpei";1
"mpel";19
"mpen";11
"mpex";2
"mpey";2
"mpfe";2
"mpfi";7
"mpia";1
"mpin";1
"mpis";4
"mplo";1
"mpod";1
"mpon";1
"mpoz";2
"mpra";1
"mpre";1
"msau";1
"msch";2
"msei";2
"msel";2
"msen";6
"mser";1
"msig";1
"msle";1
"msli";3
"mtis";2
"muel";2
"mugg";2
"müli";91
"mùlo";1
"mund";3
"münd";1
"mune";2
"muni";1
"muns";3
"munt";12
"münt";1
"munz";1
"münz";1
"muot";3
"mur";3
"mura";1
"mure";1
"murg";3
"mürg";4
"muri";4
"müri";1
"murs";1
"müs";1
"musa";1
"mut";1
"muth";2
"mutt";1
"mutz";1
"mwil";1
"n fl";1
"n my";1
"naas";2
"nace";1
"nach";20
"nack";2
"nada";2
"nadi";2
"nädt";1
"näf";1
"naga";2
"nage";2
"nagh";1
"nägi";1
"nagn";2
"nago";3
"nags";1
"naia";1
"naie";2
"nais";2
"nala";1
"nale";1
"näll";1
"nalp";71
"nals";3
"nan";1
"nana";2
"nand";6
"nang";6
"nani";1
"nano";1
"nant";6
"napf";3
"nära";3
"nard";11
"nare";1
"näre";1
"nart";1
"narz";1
"nas";1
"nasa";2
"nase";3
"nast";3
"näst";1
"nata";1
"nate";4
"natt";1
"natz";1
"naud";4
"naul";1
"naun";1
"naùn";1
"naus";4
"naux";13
"nava";1
"nâvé";1
"navi";1
"nax";1
"naye";2
"nays";1
"naz";3
"nazo";1
"nazö";1
"nbad";13
"nbol";2
"nbue";1
"nbus";1
"ncaa";2
"nces";4
"ncet";1
"ncey";1
"nche";34
"nchè";1
"nchi";4
"ncho";1
"nchy";8
"ncia";1
"nçon";5
"ncra";1
"ndal";2
"ndan";1
"ndas";1
"ndau";2
"ndaz";4
"ndei";3
"ndel";22
"nden";118
"nder";17
"ndes";12
"ndet";2
"ndey";1
"ndez";1
"ndig";4
"ndin";2
"ndio";2
"ndis";1
"ndja";1
"ndji";1
"ndle";1
"ndli";79
"ndoi";1
"ndon";5
"ndou";1
"ndra";3
"ndre";4
"ndri";1
"ndro";1
"ndru";1
"ndry";2
"ndte";1
"ndül";1
"ndum";1
"ndur";1
"neau";4
"néaz";2
"nèbi";1
"neck";4
"necs";1
"necy";1
"neda";5
"nedo";4
"nedù";1
"néen";1
"nées";4
"nefy";1
"negg";282
"negl";2
"negn";1
"neir";1
"neis";1
"neit";21
"nela";1
"neli";10
"nell";6
"nels";7
"nelz";2
"nena";2
"nene";1
"nenn";1
"nens";24
"nent";1
"nera";10
"nere";20
"nère";1
"neri";1
"nern";29
"nero";1
"nese";2
"nèse";1
"neso";1
"nest";8
"neta";2
"neto";2
"nets";16
"nett";2
"nètt";1
"neua";1
"neuf";21
"neul";1
"neus";3
"neut";1
"neux";8
"nèva";1
"nève";2
"neys";8
"nèze";1
"nezy";1
"nezz";1
"nfad";1
"nfer";1
"nfet";2
"nflo";1
"nfol";1
"ngas";3
"ngat";1
"ngau";3
"ngäu";1
"ngée";1
"ngel";22
"ngen";298
"nger";9
"ngèr";1
"nges";33
"nget";2
"ngex";1
"ngey";3
"ngge";1
"nggi";10
"nggs";1
"nghi";2
"ngia";2
"ngin";1
"ngio";2
"ngis";2
"ngli";9
"nglo";1
"ngne";1
"ngny";1
"ngol";1
"ngot";1
"ngoz";1
"ngst";8
"ngun";3
"ngut";8
"nhag";3
"nhof";475
"nhöf";2
"nhub";6
"nhus";17
"niat";4
"niay";1
"niaz";3
"nica";1
"nich";2
"nico";12
"nida";1
"niel";4
"nien";1
"nier";32
"nies";2
"niev";2
"niez";1
"niga";2
"nige";4
"nigh";1
"nigo";2
"nigs";1
"nigu";1
"nili";1
"nill";1
"nils";3
"nilu";2
"nina";4
"nino";5
"nins";2
"nion";1
"niot";1
"nire";2
"niri";1
"nisc";1
"nise";2
"nist";1
"nius";1
"niva";5
"nive";3
"nivo";1
"niwu";1
"njen";2
"njon";1
"nkel";31
"nken";9
"nker";3
"nkli";2
"nkon";1
"nler";2
"nles";3
"nlia";1
"nlio";1
"nlis";1
"nloh";3
"nlon";1
"nloo";6
"nlos";1
"nmad";3
"nmas";1
"nmos";1
"nnas";2
"nnat";3
"nnau";3
"nnay";3
"nnaz";16
"nnée";1
"nnel";1
"nnen";144
"nner";11
"nnes";14
"nnet";12
"nnex";3
"nney";6
"nnia";1
"nnig";2
"nnin";1
"nnis";2
"nnji";1
"nnle";1
"nnli";8
"nnte";1
"nôda";1
"nods";2
"noës";1
"nogn";1
"nohl";1
"noir";3
"nois";3
"noit";1
"noît";1
"nol";1
"nola";4
"nolè";1
"nolf";1
"nöli";2
"noll";1
"nolo";2
"nols";1
"non";1
"nona";2
"none";7
"nong";1
"noni";1
"nons";3
"nora";4
"nóra";1
"nòra";1
"nord";18
"nore";1
"nori";1
"nort";2
"nòsc";1
"noso";1
"noud";3
"noux";2
"nova";11
"nove";1
"novi";5
"novo";1
"noyè";1
"npun";1
"nrad";3
"nray";1
"nrot";1
"nruh";1
"nruz";1
"nsch";1
"nsec";2
"nsee";18
"nsel";6
"nsen";2
"nsep";1
"nser";1
"nses";1
"nsex";1
"nsol";1
"nson";3
"nsun";1
"ntaa";1
"ntac";1
"ntài";1
"ntal";145
"ntan";1
"ntas";1
"ntau";1
"ntaz";1
"ntei";2
"ntel";7
"nten";21
"nter";7
"ntes";4
"ntès";1
"ntet";10
"ntex";1
"ntia";1
"ntid";1
"ntie";1
"ntil";1
"ntin";4
"ntis";4
"ntle";1
"ntli";7
"nton";3
"ntor";2
"ntos";1
"ntoz";5
"ntra";1
"ntre";1
"ntro";15
"ntse";10
"ntum";4
"ntus";1
"nuaa";1
"nüel";1
"nüen";2
"nügg";1
"nuit";2
"nüöl";1
"nuov";2
"nusa";1
"nutz";1
"nvau";1
"nvua";1
"nwad";1
"nweg";17
"nwil";71
"nwis";27
"nyon";2
"nzan";1
"nzei";2
"nzel";5
"nzen";10
"nzer";1
"nzet";1
"nzig";5
"nzio";1
"nzis";1
"nzle";1
"nzli";3
"nzon";1
"nzor";1
"nzug";1
"nzun";1
"oalp";2
"oasa";1
"obat";1
"obel";96
"oben";5
"ober";4
"obet";1
"obia";1
"obin";1
"obio";1
"oble";1
"obli";2
"öbsi";2
"occa";4
"occo";2
"oces";1
"oche";19
"oché";1
"ochi";2
"öchi";18
"ochs";5
"ocht";7
"ochy";1
"ocke";3
"öcke";1
"ocki";10
"ocks";1
"ocle";2
"odai";1
"odas";1
"odàs";1
"odat";1
"odau";1
"odel";4
"ödem";1
"oden";491
"öden";10
"oder";2
"odes";2
"ödes";1
"odet";3
"odio";2
"ödis";1
"odji";1
"ödli";1
"odma";4
"odme";5
"odmi";8
"odör";1
"odoz";1
"oeil";1
"oele";2
"oeli";2
"oëns";1
"oere";1
"oett";1
"oeuf";5
"oeur";1
"oey";1
"ofel";45
"ofen";80
"öfen";4
"ofer";3
"offe";1
"ofin";1
"ofis";1
"öfji";2
"ofli";1
"öfli";39
"ofna";1
"ofni";1
"ofor";2
"ogel";4
"ogen";15
"oger";4
"oges";3
"oget";1
"ogga";1
"ogge";2
"oggi";1
"ogi";1
"ogia";2
"ögia";1
"ogig";2
"ogin";1
"ogis";2
"ögle";1
"ogli";1
"ögli";1
"ogna";10
"ogne";11
"ogno";17
"ogns";2
"ogny";1
"ogoz";3
"ögti";1
"öhle";4
"ohli";2
"öhli";5
"ohof";5
"ohre";1
"ohrn";1
"oiam";1
"oièe";1
"oies";4
"oile";3
"oina";1
"oine";3
"oing";1
"oira";3
"óira";1
"òira";1
"öira";1
"oire";9
"oirs";2
"oiry";1
"oisi";3
"oisy";1
"öita";1
"oits";3
"olan";4
"olao";1
"olas";12
"olat";3
"olay";1
"olaz";2
"olbi";1
"olce";1
"olch";1
"olda";1
"olde";1
"oldi";1
"öle";1
"olec";2
"oleh";1
"olen";13
"oler";2
"öler";1
"oles";12
"olet";9
"olèt";1
"olex";1
"oley";8
"öli";6
"olia";1
"olin";6
"ôlin";1
"olis";3
"oliv";1
"olja";1
"olla";15
"olle";20
"ölli";2
"ollo";1
"olly";1
"olms";1
"olon";2
"olph";2
"olpi";1
"ölpi";3
"olta";1
"olti";1
"olys";1
"ölzi";1
"olzo";1
"omad";3
"oman";1
"omas";1
"omay";3
"omba";8
"ombe";35
"ombi";1
"omel";4
"omen";8
"omeo";2
"omes";1
"omet";2
"omex";1
"omin";2
"omma";4
"omme";2
"omon";1
"omte";2
"omun";1
"onan";1
"onas";5
"onat";2
"onau";4
"önau";13
"onay";3
"ônaz";1
"once";1
"onch";1
"önch";1
"onco";17
"oncs";16
"onda";12
"onde";7
"ondi";1
"ondo";3
"ondò";2
"onds";7
"ondu";1
"onel";2
"onen";5
"ones";1
"onés";1
"onet";3
"onex";1
"ônex";2
"oney";3
"onga";2
"onge";3
"ongg";3
"öngg";1
"ongh";2
"öngi";1
"ongo";3
"ongy";1
"onig";7
"önig";1
"onin";3
"onio";7
"onis";1
"öniz";1
"onna";4
"onne";31
"önni";1
"onod";2
"onpy";1
"onse";1
"onta";1
"onte";18
"onti";5
"onts";15
"onty";2
"onza";1
"onzo";1
"ooch";1
"ööli";1
"oore";1
"oosi";1
"ooss";2
"oota";1
"opal";1
"open";2
"opet";1
"opfe";7
"opfi";1
"öpfi";1
"ophe";1
"opis";1
"öpli";2
"oppa";11
"oppe";2
"opra";19
"or";1
"ör";2
"oraa";1
"oral";2
"oran";4
"orat";12
"orau";1
"orba";3
"orbe";4
"orbè";1
"orbu";1
"orca";1
"orch";2
"ord";1
"orda";2
"oréd";1
"orèe";1
"orei";1
"orèi";1
"orel";6
"örel";2
"oren";34
"ören";2
"orer";1
"ores";2
"oret";7
"orêt";5
"orex";2
"orey";3
"orez";1
"orge";10
"orgé";1
"orgh";1
"orgo";1
"oria";3
"òria";1
"orié";1
"orin";4
"orio";3
"öriz";4
"orla";2
"orli";1
"orma";1
"orme";3
"orn";1
"orna";2
"orne";8
"ornè";1
"orni";9
"orno";4
"orns";1
"ornu";3
"orny";1
"oron";11
"orre";4
"orré";1
"orry";2
"orst";17
"ort";4
"orta";4
"òrta";1
"orte";8
"orti";2
"orto";2
"orts";4
"orza";2
"orzo";1
"osat";5
"osay";3
"osca";2
"osch";4
"ösch";26
"osco";5
"osen";25
"öser";7
"oses";5
"osés";1
"oset";10
"osex";4
"osez";1
"osgi";1
"osin";1
"osio";2
"osle";1
"osli";1
"ösli";68
"oson";4
"osot";1
"ospi";1
"ossa";14
"osse";14
"ossi";3
"össi";3
"osso";2
"ossu";1
"ossy";9
"osta";12
"oste";1
"ostg";2
"östi";1
"osto";1
"osys";1
"otat";2
"otau";3
"öte";1
"otee";1
"ôtel";2
"ötel";1
"oten";9
"öten";3
"ôtes";7
"otet";4
"otey";3
"otgs";1
"othe";1
"oths";1
"ôtie";1
"oton";6
"otôt";1
"ötra";1
"otse";2
"otta";32
"ottà";1
"ötta";6
"otte";33
"otti";5
"otto";24
"ottu";1
"otty";1
"otza";1
"otzi";2
"ouac";1
"oual";1
"ouay";2
"oubs";1
"ouch";3
"ouda";4
"oude";3
"ouds";2
"ouen";1
"oues";1
"oués";1
"ouet";6
"ouft";1
"ouge";11
"ougy";3
"ouis";1
"ouja";1
"oula";7
"oule";12
"ouli";2
"ouls";1
"ouly";1
"ouma";1
"oumi";1
"ouna";4
"ouné";1
"ouny";1
"oura";8
"ourd";1
"ourg";7
"ours";12
"ourt";17
"oury";1
"ousa";1
"ouse";4
"ouss";1
"outa";4
"oûta";1
"outi";1
"outy";3
"ouva";2
"ouve";1
"ouvo";1
"ouwe";3
"ouye";2
"ova";1
"ovay";1
"ovel";4
"oven";1
"öven";2
"ovet";1
"ovey";1
"ovi";1
"ovin";2
"ovio";1
"ovon";2
"owag";1
"öwi";1
"owil";1
"öwis";5
"öxen";1
"öy";3
"oyar";1
"oyat";2
"oyer";2
"oyes";2
"oyet";3
"oyon";1
"oyou";1
"ozan";1
"ozas";1
"ozat";1
"ozen";1
"özen";1
"ozon";4
"ozot";1
"ozur";1
"ozza";1
"ozzo";6
"pach";13
"pada";1
"page";1
"pai";1
"paìn";1
"pala";3
"pâla";1
"pale";1
"palé";1
"pâle";2
"pali";1
"pals";1
"palü";1
"pana";1
"pang";1
"pany";1
"papè";1
"pâra";1
"pari";1
"park";1
"pars";1
"pasc";4
"pass";7
"pata";1
"paté";1
"paul";1
"paux";1
"paye";1
"paz";1
"pbad";1
"péca";1
"pécâ";1
"peck";6
"pèda";1
"pedü";1
"pegg";4
"pegn";1
"pei";1
"peil";1
"péla";1
"pele";2
"peli";16
"pell";2
"peln";1
"pels";1
"pena";1
"pènî";1
"pens";4
"pény";1
"pera";2
"perd";1
"pere";2
"père";1
"perg";5
"peri";1
"pern";2
"pert";2
"péry";2
"pesé";1
"peua";1
"peux";3
"peys";2
"pfad";2
"pfau";1
"pfei";1
"pfel";5
"pfen";33
"pfer";1
"pfèr";1
"pfes";1
"pfet";1
"pfig";3
"pfin";1
"pfli";10
"pfyn";3
"phan";1
"phin";1
"phof";8
"phon";1
"pià";1
"pian";1
"piat";1
"piaz";1
"pice";2
"pics";1
"pié";1
"pied";1
"piéd";1
"piel";2
"pien";1
"pies";1
"piet";1
"piez";2
"pige";2
"pila";2
"pile";5
"pina";11
"pine";4
"pini";2
"pino";2
"pins";4
"pion";1
"pir";1
"pire";1
"pisa";1
"piss";6
"pist";1
"pite";1
"pitz";23
"pizy";1
"plam";1
"plan";26
"plär";1
"plat";1
"plaz";5
"plen";4
"ples";3
"plex";1
"plig";1
"plin";1
"plis";3
"plon";3
"plun";1
"pnez";1
"pögn";1
"pois";3
"poix";1
"pola";1
"poli";2
"polo";1
"pols";1
"poma";1
"pomy";1
"pön";1
"pönn";1
"pont";19
"pönt";3
"pora";3
"pori";1
"port";27
"porz";1
"poss";1
"post";1
"poya";2
"poye";1
"poyi";1
"poz";2
"ppas";5
"ppaz";2
"ppel";16
"ppen";18
"ppes";2
"ppet";4
"ppey";1
"ppil";1
"ppin";1
"ppis";8
"ppje";1
"ppli";2
"prä";1
"prai";1
"pran";1
"pras";4
"prat";2
"prau";1
"praz";14
"präz";1
"pré";1
"pree";1
"préi";1
"prés";18
"prex";1
"prez";1
"prig";1
"prin";1
"priv";1
"prod";3
"pros";1
"prou";1
"pròu";1
"proz";5
"prui";1
"psec";1
"psee";1
"psli";2
"psut";1
"ptji";1
"pü";1
"püel";1
"pühl";2
"puis";2
"pund";1
"punt";6
"pünt";2
"puoz";1
"pura";1
"puri";1
"püri";1
"pürt";1
"purz";1
"putz";1
"pweg";5
"pwis";1
"pych";1
"pyin";1
"qual";2
"quéi";1
"ques";4
"quet";5
"queu";1
"quie";1
"quin";2
"quio";1
"quis";4
"r ei";1
"r en";2
"raa";1
"raad";2
"raar";2
"raat";1
"rabe";41
"rabé";2
"rabi";1
"räbi";3
"rabò";1
"râbo";1
"rabs";1
"raby";1
"raca";1
"rach";22
"räch";4
"rada";11
"raël";1
"räen";1
"rafa";1
"rafz";1
"raga";4
"rage";4
"ragg";1
"ragl";2
"ragn";2
"rago";1
"rahn";3
"rähn";1
"raie";2
"rail";4
"rain";183
"raio";1
"rais";23
"räje";1
"ral";1
"rale";2
"râli";1
"räli";1
"ralp";39
"rama";2
"ramè";1
"rami";1
"ramm";1
"ramù";1
"rana";4
"räna";1
"ranc";2
"rand";91
"ränd";3
"rane";2
"rang";4
"rank";11
"rann";1
"rano";4
"rans";7
"râpa";2
"râpe";5
"rapp";3
"rard";8
"raré";2
"rary";2
"rasa";1
"rasc";2
"rasp";1
"rass";5
"rast";2
"räsu";2
"rata";1
"rath";2
"rati";2
"räti";1
"rato";5
"rats";2
"ratt";2
"rätt";2
"ratz";2
"raun";1
"raus";2
"raut";2
"raux";11
"rava";1
"rave";3
"ravò";1
"raye";10
"rays";1
"räze";1
"rbad";8
"rban";5
"rbas";1
"rbaz";3
"rbäz";1
"rbel";3
"rben";18
"rbes";1
"rbet";3
"rbey";2
"rbig";1
"rbio";2
"rbis";3
"rbji";1
"rbon";5
"rbrü";1
"rbus";1
"rcel";1
"rcha";3
"rche";11
"rchi";19
"rcht";1
"rchu";1
"rchy";1
"rcia";1
"rcil";1
"rcla";7
"rcle";1
"rcli";1
"rçon";1
"rcus";1
"rdan";3
"rdaz";1
"rdéd";1
"rdei";1
"rdel";2
"rden";8
"rdes";8
"rdés";1
"rdet";2
"rdèt";1
"rdex";2
"rdez";1
"rdil";1
"rdin";5
"rdis";1
"rdli";9
"rdon";11
"rdot";1
"rdoz";1
"rdua";1
"rdui";1
"rdun";2
"rduz";1
"rdze";1
"reau";2
"reaz";1
"réaz";5
"rebe";1
"rebi";1
"rech";6
"réch";1
"reda";10
"redo";4
"reeb";1
"regg";109
"règn";1
"rego";1
"rehl";1
"rei";1
"reia";1
"reib";2
"reie";7
"reil";1
"rein";9
"reir";1
"reis";1
"reit";2
"reje";1
"réla";2
"rèle";1
"reli";5
"rell";1
"rema";1
"rems";2
"remy";2
"rémy";1
"ren";1
"rena";4
"réna";3
"rêna";1
"rend";8
"reng";2
"rènn";2
"reno";1
"rens";26
"rent";7
"repa";1
"rera";11
"rèra";1
"rère";1
"rers";2
"réru";1
"resa";7
"resc";2
"rese";2
"resi";1
"reso";1
"rest";2
"résy";2
"reta";3
"rèta";3
"rêta";5
"rete";1
"rête";12
"rêté";1
"rets";6
"rêts";8
"reut";4
"reux";34
"reuz";17
"rève";1
"revi";1
"révy";1
"rexe";2
"reye";1
"reys";5
"rezi";1
"rfay";2
"rfen";1
"rfil";1
"rfji";6
"rfli";11
"rgab";1
"rgai";1
"rgan";1
"rgat";2
"rgau";3
"rgay";1
"rgaz";1
"rgel";8
"rgen";32
"rger";4
"rges";14
"rget";6
"rgex";1
"rgey";1
"rgga";1
"rgge";2
"rggi";3
"rggu";1
"rghi";1
"rgia";5
"rgin";1
"rgis";3
"rgji";4
"rgle";3
"rgli";142
"rgna";5
"rgne";9
"rgno";1
"rgny";3
"rgon";2
"rgön";1
"rgot";2
"rgou";1
"rgoz";1
"rgue";3
"rgun";6
"rgün";2
"rgut";5
"rhag";7
"rhof";226
"rhub";1
"rhus";41
"rhüs";2
"ri";1
"rial";1
"rian";2
"rias";3
"riau";3
"riaz";4
"riba";1
"ribé";2
"ribi";4
"rica";1
"rice";3
"rich";35
"rìch";1
"rick";35
"rico";2
"rida";7
"ride";4
"rido";1
"rieb";1
"ried";245
"riel";1
"rien";5
"rier";10
"ries";12
"riet";51
"riex";1
"riey";1
"riez";5
"rift";2
"rigg";1
"rigi";1
"rign";1
"rigs";1
"rija";1
"rila";1
"rîla";1
"rill";1
"rils";3
"rima";1
"rimm";5
"rina";25
"rine";6
"ring";5
"rinn";1
"rino";15
"rins";9
"riod";1
"riom";1
"rion";15
"riöö";1
"riot";1
"rire";1
"ris";2
"risa";1
"risc";1
"rise";8
"risi";17
"riso";1
"riss";1
"rist";11
"rita";1
"rite";7
"riti";2
"rits";1
"ritt";13
"ritz";9
"riva";4
"rive";10
"rivo";1
"riwi";3
"rjan";1
"rjat";1
"rjau";1
"rjon";2
"rjus";1
"rkau";1
"rkel";1
"rken";3
"rket";3
"rlan";1
"rlas";2
"rlay";3
"rlaz";1
"rlee";3
"rlef";1
"rleh";1
"rlei";3
"rlej";2
"rlen";42
"rles";2
"rlet";5
"rleu";3
"rlex";1
"rlig";4
"rlil";1
"rlis";4
"rlix";2
"rlod";1
"rlon";1
"rloo";4
"rlux";1
"rmad";3
"rman";4
"rmee";1
"rmée";1
"rmel";2
"rmen";4
"rmes";8
"rmet";5
"rmey";2
"rmii";2
"rmil";1
"rmin";2
"rmis";6
"rmod";1
"rmol";2
"rmon";2
"rmse";1
"rmus";2
"rmuz";1
"rnaï";1
"rnal";1
"rnam";1
"rnas";2
"rnau";13
"rnay";5
"rnaz";6
"rnea";1
"rnec";3
"rnée";5
"rnei";1
"rnéi";2
"rnel";1
"rnen";32
"rner";3
"rnes";28
"rnet";11
"rnex";7
"rney";14
"rnez";1
"rnia";5
"rnie";2
"rnig";4
"rnil";4
"rnis";5
"rnli";11
"rnol";1
"rnos";1
"rnou";1
"rnoz";4
"rnus";1
"rnys";1
"rocc";1
"roce";6
"roch";2
"rocs";1
"roda";2
"ròda";1
"rode";1
"rodè";1
"rodo";1
"rods";1
"rohr";23
"roie";1
"roir";1
"roit";2
"roix";28
"roja";1
"rojé";1
"rola";3
"role";1
"roli";2
"rolo";8
"rome";3
"romo";2
"ron";1
"rona";7
"ronc";1
"rond";10
"rone";12
"rône";2
"rono";1
"rons";6
"rönt";1
"rönz";2
"roo";1
"roor";1
"roos";1
"root";1
"ropf";1
"ror";1
"ròra";1
"rorn";1
"ros";1
"rosa";2
"rösa";2
"rose";4
"rosé";3
"rosi";2
"ross";3
"rosy";2
"rot";1
"rota";2
"roth";5
"rots";1
"rott";2
"roua";3
"rouc";1
"roud";8
"roue";3
"rous";1
"roux";12
"rovè";1
"roye";2
"rpan";1
"rpas";1
"rpaz";1
"rpel";2
"rpey";1
"rpfi";1
"rpis";4
"rqua";1
"rque";1
"rrad";1
"rras";2
"rrat";2
"rraz";3
"rrée";1
"rrei";1
"rrel";1
"rren";27
"rrer";2
"rres";7
"rret";7
"rrey";22
"rria";1
"rrin";2
"rris";3
"rron";3
"rrot";3
"rroy";1
"rroz";4
"rrue";1
"rsal";2
"rsam";1
"rsan";1
"rsas";3
"rsat";2
"rsau";1
"rsax";1
"rsay";1
"rsaz";1
"rsch";14
"rsee";5
"rsei";5
"rsel";2
"rsen";1
"rses";6
"rsey";1
"rsin";1
"rsol";8
"rson";1
"rsot";1
"rssi";1
"rste";1
"rsun";1
"rsys";1
"rtal";28
"rtan";1
"rtar";1
"rtas";3
"rtat";1
"rtau";1
"rtel";14
"rten";146
"rter";1
"rtes";1
"rtés";1
"rtet";2
"rtga";1
"rtie";1
"rtig";1
"rtil";1
"rtin";25
"rtis";5
"rtli";9
"rtoi";3
"rtor";1
"rtou";1
"rtre";1
"rtse";4
"rtsé";2
"rtus";1
"rtüs";1
"rtys";1
"rual";1
"rube";10
"rubi";3
"rübi";2
"ruch";35
"rüch";1
"ruck";3
"rück";5
"rudè";1
"rue";1
"rueb";23
"rued";3
"rüeg";1
"ruel";1
"rüel";3
"ruen";2
"rüen";1
"ruer";2
"rues";2
"ruet";1
"ruff";1
"rufi";7
"rüfi";7
"ruga";1
"rugé";1
"rüge";1
"rugg";25
"rügg";10
"rügi";1
"ruis";1
"rûlé";3
"rüma";1
"rumi";1
"rumo";5
"rums";1
"run";4
"runa";4
"rüna";1
"runc";3
"rund";87
"ründ";3
"rune";2
"runé";1
"rüne";2
"rung";12
"rüng";1
"runi";2
"runn";17
"runs";5
"runt";1
"ruob";1
"rupe";1
"rura";1
"rure";1
"ruso";1
"russ";4
"rust";4
"rüst";1
"rute";1
"rüte";1
"ruth";3
"rüth";1
"rüti";423
"rutt";9
"rütt";5
"ruty";1
"rutz";2
"rütz";1
"ruyo";2
"rüze";1
"rvan";1
"rvas";1
"rvaz";1
"rvet";1
"rvex";1
"rvin";4
"rwan";1
"rweg";6
"rwen";1
"rwil";45
"rwis";20
"ryon";2
"rytz";2
"rzai";1
"rzay";1
"rzee";1
"rzei";5
"rzel";6
"rzen";12
"rzer";1
"rzes";2
"rzey";1
"rzig";1
"rzil";1
"rzis";1
"rzli";4
"rzun";1
"s nê";1
"s sé";1
"s-ch";2
"saac";1
"saas";1
"saat";1
"sach";11
"sack";28
"sacu";1
"sada";1
"saga";2
"sage";3
"säge";36
"sagi";12
"sägi";1
"sagn";2
"sago";6
"sal";4
"sale";3
"sali";7
"salm";1
"salp";30
"säls";1
"saly";1
"sana";1
"sand";16
"sang";28
"sano";3
"sans";3
"sant";1
"sapé";1
"sapy";1
"sara";1
"sard";6
"sare";2
"sarn";1
"sasc";1
"sass";12
"säss";125
"sata";2
"saté";3
"sats";4
"satz";3
"saul";1
"saum";7
"saun";2
"saus";1
"saut";1
"saux";5
"sax";3
"says";1
"sbad";7
"sbel";2
"sbül";1
"scea";1
"scèd";1
"scee";1
"scei";1
"sceo";1
"scex";2
"scha";37
"sche";28
"schg";7
"schi";59
"schl";1
"schs";2
"schu";3
"schy";1
"scia";17
"sciä";1
"scie";15
"sciè";1
"scin";1
"scio";29
"sciu";1
"scòi";1
"scon";2
"scot";1
"scoz";1
"seau";4
"seby";1
"seck";1
"seda";2
"see";2
"seen";1
"seew";1
"sefi";2
"segg";143
"segl";4
"segn";1
"sein";3
"sela";2
"sèla";1
"selb";1
"seld";1
"sele";3
"seli";24
"sell";1
"seln";3
"sels";4
"sely";1
"sena";3
"sene";2
"seng";1
"seno";2
"sens";18
"sent";2
"seon";1
"sépa";1
"seph";2
"sera";7
"sere";24
"seré";1
"seri";4
"sern";69
"sero";1
"sert";30
"seru";1
"sery";3
"serz";1
"ses";1
"sess";17
"seta";1
"sèta";1
"sete";2
"seto";1
"sets";6
"sett";1
"seur";1
"seux";1
"seys";1
"sgéi";1
"sgen";2
"sgia";10
"sgne";1
"sgut";5
"shag";1
"shof";70
"shub";9
"shus";47
"shüs";1
"shüt";1
"sian";1
"siat";1
"siau";2
"sier";17
"siés";1
"siex";1
"siez";3
"siga";1
"sige";3
"sigg";2
"sihl";1
"sima";2
"sina";10
"sine";7
"sinn";2
"sino";8
"sins";13
"sion";6
"sirt";1
"site";23
"siti";2
"sito";1
"sitt";1
"sitz";12
"siva";2
"sivi";1
"sivü";1
"slan";1
"slas";2
"slau";4
"slee";1
"sleh";1
"slen";40
"sler";16
"sleu";1
"slex";1
"slig";3
"slis";2
"sloh";2
"sloo";2
"slöö";1
"slóu";1
"smad";11
"smat";1
"smer";2
"smig";1
"smur";1
"snas";2
"snòu";1
"soey";1
"soi";1
"soie";1
"soir";2
"soix";1
"sol";2
"sola";5
"solb";1
"sold";2
"soll";2
"solo";1
"som";1
"soma";1
"sone";9
"soni";1
"sonk";1
"sons";5
"sonz";1
"sood";2
"sool";3
"soor";1
"sora";2
"sorè";1
"sori";1
"sort";1
"sösi";1
"soud";1
"soum";1
"sour";1
"sous";128
"soz";1
"span";4
"spel";17
"spen";6
"spet";1
"spig";1
"spih";1
"spil";2
"spin";1
"spis";10
"spiz";1
"spji";1
"spli";4
"spon";1
"spüs";1
"srue";2
"sruh";2
"ssal";2
"ssan";1
"ssat";3
"ssau";4
"ssaz";2
"ssee";1
"ssée";1
"ssei";2
"ssel";23
"ssen";32
"sser";7
"sses";58
"ssés";1
"sset";20
"ssex";3
"ssey";8
"ssia";2
"ssig";2
"ssin";9
"ssio";1
"ssis";3
"ssji";1
"ssle";1
"ssli";70
"ssna";1
"ssoc";1
"sson";18
"ssot";3
"ssoz";1
"ssus";132
"stad";5
"stäg";7
"stal";30
"stas";3
"stau";1
"staz";1
"steg";20
"stei";27
"stel";49
"sten";35
"ster";22
"stes";2
"stet";10
"stgs";1
"stia";1
"stig";10
"stin";2
"stis";3
"stli";17
"stoz";1
"stre";1
"stro";4
"stud";3
"stur";1
"styg";6
"suat";1
"suel";2
"suen";1
"sugg";1
"suhr";1
"suis";1
"suit";2
"suld";2
"sulz";13
"sum";2
"sumé";1
"suno";1
"suot";5
"sur";1
"sura";47
"süra";3
"sure";1
"süri";1
"sust";1
"sutz";1
"svey";1
"sweg";4
"swil";220
"swis";13
"syre";1
"t aa";1
"ta";1
"taa";7
"taad";3
"taag";2
"taan";2
"tabi";1
"taca";1
"tach";4
"tadi";1
"tadt";6
"täfa";1
"täga";1
"tage";5
"täge";6
"tagn";2
"tail";2
"tair";2
"tal";26
"tala";1
"tald";1
"tale";3
"tali";2
"täli";4
"tall";24
"talo";1
"talp";4
"tams";1
"tan";2
"tana";14
"tâna";1
"tand";6
"tane";2
"tané";1
"tanè";1
"tang";3
"tani";3
"tann";12
"tano";3
"tans";2
"tant";3
"tänt";1
"tany";3
"tapf";1
"tara";2
"tära";1
"tard";4
"tare";3
"tarn";1
"tate";1
"tatt";54
"tätt";7
"tatz";2
"taub";1
"taud";2
"taun";2
"taux";6
"taye";1
"tbad";5
"tchi";1
"teas";1
"teau";13
"tec";1
"tecs";1
"técu";1
"ted";1
"tedà";1
"tedo";1
"tee";1
"tées";2
"tegg";48
"tegh";1
"tegn";1
"teia";1
"teig";40
"teil";5
"tein";194
"tela";1
"tele";6
"telf";1
"teli";105
"tell";11
"teln";5
"tels";9
"telz";3
"tème";1
"témo";1
"tena";5
"tene";6
"teni";5
"tenn";3
"tens";10
"tenz";1
"tèpe";1
"tera";7
"terd";1
"tere";19
"tère";2
"terg";1
"teri";8
"téri";1
"tern";40
"ters";10
"tery";4
"téry";1
"tésy";1
"tete";1
"tête";1
"tets";10
"têts";1
"tett";19
"teux";3
"teys";1
"tga";3
"tgas";3
"tgel";1
"tgom";1
"tgut";2
"thaa";1
"thal";65
"than";11
"thau";1
"thaz";1
"thel";4
"then";14
"ther";1
"they";7
"thod";4
"thof";83
"thon";1
"thor";3
"thub";2
"thül";4
"thun";1
"thur";6
"thus";24
"tian";4
"tica";2
"tich";1
"tico";2
"tiee";1
"tieg";7
"tiel";9
"tien";1
"tier";21
"ties";2
"tieu";1
"tiez";1
"tige";6
"tigh";2
"tign";1
"tigs";2
"tiig";1
"tike";1
"tila";1
"tîle";1
"tili";9
"tils";3
"tima";2
"tina";8
"tine";14
"tini";2
"tino";12
"tins";9
"tinu";3
"tion";10
"tios";1
"tira";1
"tirù";1
"tisc";1
"tit";1
"titt";2
"tivo";1
"tjen";3
"tjol";1
"tlen";74
"tler";12
"tlig";7
"tlin";1
"tlis";4
"tloh";2
"tloo";1
"tlüt";1
"tmad";2
"tmal";1
"tmen";3
"tmer";1
"tmis";3
"tmol";1
"tnas";1
"tnau";8
"tner";3
"tnia";1
"tock";49
"töck";13
"todi";1
"toga";1
"togn";3
"toi";1
"toia";1
"toir";2
"tois";1
"toit";1
"tola";2
"tole";1
"toli";1
"tolo";1
"toma";1
"tomo";1
"tone";10
"toni";3
"tons";4
"tönu";1
"toos";6
"tor";3
"tore";3
"torf";22
"torn";3
"torz";1
"tös";1
"tose";1
"toss";16
"tóss";1
"töss";4
"tota";1
"toud";2
"tòud";1
"tour";7
"tous";1
"toux";3
"tové";1
"toye";1
"tral";1
"tran";3
"trär";1
"tras";4
"trau";1
"tray";2
"tres";7
"trey";5
"trib";1
"trin";3
"tris";1
"trit";2
"troc";1
"trog";6
"trom";1
"tron";4
"tros";3
"troz";3
"trua";1
"trub";3
"trun";2
"trux";1
"truy";2
"tsan";1
"tsau";1
"tsay";1
"tsch";124
"tses";4
"tsès";1
"tset";9
"tsey";1
"tsiè";1
"tson";2
"tstu";1
"ttal";3
"ttan";3
"ttas";4
"ttau";5
"ttay";1
"ttaz";22
"ttec";1
"ttel";32
"tten";306
"tter";31
"ttes";176
"ttès";1
"ttet";6
"ttex";2
"ttey";2
"ttia";1
"ttig";4
"ttin";1
"ttis";14
"ttiv";1
"ttiz";1
"ttje";1
"ttji";3
"ttla";4
"ttle";9
"ttli";197
"tton";2
"tua";1
"tuay";1
"tuba";1
"tuck";2
"tude";8
"tüde";1
"tudi";2
"tüdu";1
"tüei";1
"tuel";3
"tüel";3
"tuf";1
"tüfe";1
"tüfi";8
"tuft";1
"tugl";2
"tuhl";6
"tühl";1
"tuhn";1
"tuis";3
"tune";2
"tur";2
"tura";4
"ture";7
"turé";1
"türe";3
"türi";2
"turm";6
"turr";1
"tusa";2
"tüsc";1
"tusy";1
"tute";1
"tutz";61
"tvài";1
"tval";1
"twag";1
"tweg";5
"twil";50
"twis";8
"tyre";2
"tzel";3
"tzen";21
"tzer";3
"tzes";2
"tzet";1
"tzia";1
"tzig";2
"tzle";1
"tzli";25
"tzme";1
"tzun";1
"u ma";1
"u si";1
"uade";1
"uagn";1
"uale";1
"ualp";3
"uals";1
"uana";2
"uane";3
"uard";3
"uart";7
"uass";1
"uast";1
"uats";2
"uaty";1
"uaux";1
"uays";1
"ubad";5
"ubau";1
"ubel";214
"übel";10
"uben";27
"uber";7
"über";1
"ubey";1
"ubie";1
"ubin";1
"ubis";1
"übis";2
"ubla";1
"uble";4
"üble";1
"ubli";3
"übli";4
"ubon";1
"ubos";1
"uboz";1
"ucan";1
"ucas";1
"ucch";1
"ucco";4
"uces";1
"uche";12
"uché";3
"üche";1
"uchi";7
"üchi";3
"uchs";4
"ucht";17
"ücht";2
"uchy";1
"ücka";1
"ucke";2
"ücke";12
"ücki";1
"ucon";1
"ucou";2
"udan";2
"udéi";1
"udel";3
"üdel";2
"üdem";1
"uden";19
"üden";2
"uder";3
"udes";4
"udet";3
"udex";5
"udey";2
"udig";1
"üdig";1
"udin";1
"üdin";1
"udit";1
"üdle";1
"udli";1
"üdli";7
"udon";10
"udrâ";1
"udre";7
"udré";2
"udri";1
"üdri";1
"udry";2
"udze";2
"ueba";1
"üeba";1
"uebe";9
"üebe";1
"uebi";10
"uech";32
"uecq";1
"üedi";1
"uefa";1
"uege";1
"uège";1
"uegg";5
"üegg";3
"uegn";1
"üehl";1
"ueil";1
"uein";1
"uele";1
"üele";6
"ueli";21
"üeli";18
"üelm";1
"üels";1
"uelt";2
"uene";9
"uéné";1
"üene";1
"ueni";1
"üeni";5
"uenz";1
"uera";1
"uere";1
"uère";2
"üeri";2
"uern";1
"uéry";1
"uerz";1
"uess";1
"uest";2
"üest";1
"ueta";1
"uete";1
"uéte";1
"ueti";4
"uets";2
"ueue";1
"ueun";1
"uevi";1
"ueys";4
"ufal";2
"ufay";1
"ufee";1
"ufel";2
"üfel";1
"ufen";17
"ufer";1
"üfer";1
"uffa";1
"uffe";1
"üffi";2
"üfin";1
"üfis";1
"üfla";1
"ufle";3
"ufry";1
"ügel";6
"ugen";9
"ügen";1
"uger";1
"üger";1
"uges";16
"ugés";1
"ugex";1
"ugey";2
"ugge";5
"ügge";2
"uggi";6
"üggi";1
"ughè";1
"ugí";1
"ugia";1
"ugin";2
"ugio";1
"ügli";1
"ugls";1
"ugna";1
"ügna";1
"ugne";1
"ugno";1
"ugns";1
"ugny";5
"ugon";1
"ugst";15
"ugut";10
"ugys";1
"ugze";1
"ühel";4
"uhen";2
"uhet";1
"ühle";128
"ühli";6
"ühls";1
"uhof";93
"uhst";1
"uhus";60
"uhüs";2
"ühus";2
"uids";1
"uier";10
"uige";1
"uila";1
"uine";1
"uino";3
"uins";1
"uire";2
"uisc";1
"uise";1
"uits";3
"ujet";1
"ulas";1
"ulat";4
"ulau";1
"ülau";1
"ulaz";10
"ulce";2
"ulch";1
"ülch";2
"ulcy";2
"ûlée";3
"ulen";7
"ülen";2
"uler";1
"üler";1
"ules";15
"ulés";1
"ulet";7
"ület";1
"ulex";2
"ulfi";1
"ulgy";1
"ulig";2
"ulin";56
"ulix";1
"ülla";1
"ulle";7
"ülle";3
"ülli";3
"ullo";1
"ully";13
"ulms";1
"uloo";1
"uloz";4
"ulpy";1
"ulsy";1
"ulta";1
"ulte";2
"ulti";1
"ulué";1
"ulzi";2
"umad";1
"umas";1
"umaz";5
"umel";1
"ümel";1
"umen";19
"umes";2
"umet";1
"umia";1
"umie";1
"umin";1
"umis";1
"umli";8
"ümli";1
"umma";1
"umme";8
"ummi";2
"ummu";1
"umpf";16
"umpi";1
"unai";1
"unài";1
"unas";3
"ünas";1
"unau";5
"ünau";2
"unay";2
"unca";2
"unch";2
"unda";1
"ünda";1
"ünde";2
"undi";1
"ündi";6
"ündt";2
"unel";3
"unen";4
"ünen";2
"unes";1
"unet";4
"uneu";1
"unex";1
"uney";1
"unga";3
"ungg";1
"üngi";1
"ünig";1
"unin";1
"unis";1
"ünla";1
"unli";1
"unna";1
"unne";20
"ünne";6
"unni";11
"unnu";5
"unod";2
"unom";1
"unst";1
"ünst";1
"unta";1
"ünte";1
"unti";2
"unts";1
"uobi";3
"üobi";1
"uogn";1
"uoir";1
"uois";1
"uoli";1
"uolm";2
"uong";1
"uora";2
"uori";13
"uorn";1
"uors";2
"uort";1
"uorz";1
"uoss";2
"uota";1
"uova";2
"uovo";4
"uoza";2
"upan";1
"upas";2
"upel";2
"upen";4
"üpfe";1
"üpfi";4
"upie";1
"upin";2
"uppa";1
"uppe";2
"uppi";1
"üppi";4
"upra";1
"upré";1
"upro";1
"üpru";1
"uran";1
"uras";2
"urat";1
"urau";2
"uraz";5
"urbe";1
"urbs";1
"urce";1
"urcs";1
"urdi";1
"urée";1
"uréi";2
"urel";1
"uren";19
"üren";16
"ures";7
"uret";3
"ürfi";2
"urfs";1
"ürgg";2
"urgi";2
"ürgi";3
"urgo";2
"uria";1
"urie";1
"uril";1
"urin";5
"urio";2
"uris";4
"uriz";1
"urka";2
"ürki";1
"urlâ";1
"ürle";1
"urli";5
"ürli";43
"urlo";1
"urmi";6
"urna";3
"urne";1
"urni";2
"ürni";1
"urns";1
"urny";1
"urom";1
"uron";6
"üron";2
"uros";1
"uróu";1
"uroz";3
"urra";2
"ürra";1
"urre";2
"urri";6
"ürri";4
"ürry";1
"ursé";1
"urst";9
"ürst";1
"ursy";1
"ürte";1
"urtg";1
"urth";2
"urus";1
"urze";1
"ürze";3
"urzi";1
"ürzi";3
"urzu";1
"üsai";2
"usan";1
"usaz";8
"usc";1
"usch";10
"üsch";8
"usee";1
"usel";2
"üsel";2
"usen";130
"usep";2
"user";16
"üser";8
"uses";5
"uset";1
"usex";1
"üsga";1
"usiè";1
"usin";2
"usio";7
"usis";1
"üsis";2
"üsle";3
"usli";4
"üsli";203
"usly";1
"uson";2
"uspi";1
"üspi";1
"ussa";1
"usse";2
"üsse";1
"ussi";1
"üssi";3
"usso";1
"ussy";9
"usta";1
"üsti";2
"utal";3
"utàn";1
"utat";1
"utaz";3
"uten";1
"uter";1
"üter";3
"utes";1
"utés";1
"utès";1
"ûtès";1
"utex";1
"utey";1
"üthi";3
"utin";1
"utis";2
"ütli";9
"utre";2
"utry";1
"utse";3
"utsé";1
"utsô";1
"utta";4
"ütta";8
"utte";7
"ütte";173
"utti";1
"ütti";40
"utze";1
"ütze";1
"utzi";3
"ützi";3
"uuch";2
"üüch";1
"uure";2
"uuse";2
"üüss";1
"uust";2
"üüti";4
"uvaz";1
"uven";1
"uver";1
"uves";5
"ûves";1
"uvet";4
"uvex";1
"uvie";1
"uvin";1
"uvre";1
"uvry";1
"uweg";1
"uwil";7
"uwis";3
"üwis";1
"uxes";1
"uyes";1
"uyot";1
"uzen";1
"uzèt";1
"uzin";1
"uzis";1
"uzza";1
"uzzo";1
"váda";1
"vadi";3
"vage";4
"vagl";1
"vagn";2
"vair";1
"vaix";1
"vaju";1
"val";4
"vala";1
"vàlà";1
"vald";2
"valè";1
"vali";1
"vall";1
"valö";1
"vals";7
"vand";1
"vano";2
"vant";27
"vard";2
"varo";1
"vary";3
"vats";1
"vaud";6
"vaux";50
"vays";1
"veau";3
"vec";1
"veer";1
"vegl";1
"vegn";1
"vegs";1
"vei";1
"veia";1
"véid";1
"vein";1
"vela";1
"véla";1
"veli";2
"vena";3
"veno";1
"vens";7
"vent";15
"vera";2
"vere";2
"vère";2
"vers";21
"vert";3
"very";3
"vesi";1
"vest";2
"vésy";1
"vetg";1
"veth";1
"veto";1
"vets";4
"vex";1
"veys";2
"vial";1
"viat";1
"viau";2
"viaz";1
"vich";1
"vico";3
"vidà";1
"vier";5
"vies";3
"viez";3
"viga";1
"vigo";2
"vila";1
"vile";2
"vina";1
"vine";6
"vino";1
"vins";1
"vio";1
"viol";1
"vion";2
"vioz";1
"vira";2
"vire";1
"viri";1
"visp";1
"vitg";1
"vivy";2
"vloc";1
"vnà";1
"vöga";1
"voie";1
"voin";3
"vois";2
"voli";2
"von";1
"vone";2
"vons";1
"vosa";2
"vosé";1
"voud";1
"voué";2
"voux";3
"voya";1
"vrat";2
"vray";1
"vraz";2
"vrec";1
"vrèi";1
"vres";10
"vret";2
"vreu";1
"vrex";1
"vrey";2
"vril";1
"vrin";1
"vris";1
"vron";3
"vroz";1
"vuat";1
"vuet";2
"vuey";2
"vugl";1
"vuit";1
"vusy";1
"vuty";1
"waad";1
"waag";1
"wadi";1
"wädi";1
"wadt";1
"wäge";2
"waid";4
"wal";1
"wald";218
"wali";1
"wäli";1
"wäll";1
"wämi";1
"wamm";5
"wand";291
"wänd";20
"wang";31
"wäni";2
"wann";1
"wänt";1
"wanz";2
"wart";21
"warz";4
"wase";4
"watt";8
"wedi";1
"wees";16
"weg";1
"wege";1
"weid";748
"weig";7
"weli";4
"welt";1
"wena";1
"wend";32
"weng";1
"weni";4
"wenk";1
"went";3
"wera";1
"werd";3
"weri";2
"werk";3
"west";1
"whof";1
"wick";1
"wide";1
"widi";4
"wiel";2
"wier";2
"wies";83
"wil";12
"wila";1
"wili";6
"wind";3
"wine";1
"wing";1
"wire";1
"wiri";1
"wis";7
"wise";3
"witi";5
"witt";2
"wixi";1
"wolf";2
"worb";1
"wuer";1
"wuhr";2
"wull";3
"wuna";1
"wund";1
"wurf";3
"wurm";2
"würz";4
"wyde";1
"wyer";2
"wyti";1
"xalp";1
"xhof";1
"yard";1
"yats";1
"yaux";3
"ybad";2
"yden";22
"yens";9
"yent";1
"yère";3
"yers";1
"yéso";1
"yeux";3
"yffi";2
"yges";1
"yget";1
"ygli";1
"yhof";3
"yken";1
"ylan";1
"ylen";1
"yler";3
"ylon";1
"ynau";3
"ynen";1
"yner";1
"ynli";2
"york";1
"youd";1
"youx";2
"yras";1
"yres";21
"yrin";1
"yron";1
"yruz";2
"ysch";2
"ysin";1
"ytay";1
"yten";2
"ytes";1
"yves";1
"yzay";1
"zabé";1
"zach";10
"zâlè";1
"zälg";18
"zalp";5
"zana";4
"zano";9
"zaro";1
"zats";1
"zaun";11
"zaux";1
"zâye";1
"zbad";2
"zegg";13
"zein";2
"zele";1
"zelg";43
"zeli";4
"zell";12
"zena";3
"zene";1
"zens";2
"zera";2
"zere";4
"zère";1
"zern";6
"zers";4
"zery";2
"zeug";3
"zeus";1
"zgäb";1
"zgen";5
"zgut";1
"zhau";1
"zhof";20
"zhus";1
"ziel";5
"zier";2
"ziet";1
"zige";2
"zihl";2
"zil";16
"zils";1
"zina";1
"zine";1
"zino";2
"zion";1
"ziun";1
"zlen";8
"zler";2
"zlig";2
"zlis";2
"zmad";1
"znas";1
"znau";4
"zöch";1
"zola";1
"zoll";3
"zolo";1
"zona";4
"zone";3
"zong";1
"zons";1
"zopf";4
"zora";3
"zòra";1
"zorn";1
"zota";1
"zots";1
"zott";1
"zòtt";1
"zouc";1
"zour";2
"zsee";2
"ztal";1
"zube";3
"züel";1
"zug";3
"zun";4
"zung";2
"züns";1
"zuoz";1
"zweg";7
"zwei";2
"zwes";1
"zwey";2
"zwil";28
"zwis";3
"zyli";1
"zzan";1
"zzar";1
"zzas";5
"zzèi";1
"zzet";2
"zzin";2
"zzoi";1
"zzol";1
"zzon";1
"zzöu";1
